City,PM25,NO2,PM10,AQI_PM25,AQI_NO2,AQI_PM10,AQI_MAX,datetimeUtc
Nairobi,11,-0.11723625,24,46,1,23,46,2024-02-04T08:00:00+00:00
Nairobi,9.4,-0.0248625,17,40,1,16,40,2024-02-04T09:00:00+00:00
Nairobi,8.5,-0.019125,15,36,1,14,36,2024-02-04T10:00:00+00:00
Nairobi,6.1,-0.01377,7.9,26,1,8,26,2024-02-04T11:00:00+00:00
Nairobi,5.6,-0.0149175,6.1,24,1,6,24,2024-02-04T12:00:00+00:00
Nairobi,5.8,-0.01855125,6.8,25,1,7,25,2024-02-04T13:00:00+00:00
Nairobi,5,-0.02295,4.1,21,1,4,21,2024-02-04T14:00:00+00:00
Nairobi,29,-0.00765,44,88,1,41,88,2024-02-04T15:00:00+00:00
Nairobi,7.6,0.00592875,13,32,1,13,32,2024-02-04T16:00:00+00:00
Nairobi,8,0.01224,15,34,1,14,34,2024-02-04T17:00:00+00:00
Nairobi,8.3,0.0149175,16,35,1,15,35,2024-02-04T18:00:00+00:00
Nairobi,11,0.01778625,24,46,1,23,46,2024-02-04T19:00:00+00:00
Nairobi,12,0.019125,30,50,1,28,50,2024-02-04T20:00:00+00:00
Nairobi,13,0.0248625,31,54,1,29,54,2024-02-04T21:00:00+00:00
Nairobi,13,0.0248625,33,54,1,31,54,2024-02-04T22:00:00+00:00
Nairobi,11,0.02295,27,46,1,25,46,2024-02-04T23:00:00+00:00
Nairobi,9.6,0.02295,24,40,1,23,40,2024-02-05T00:00:00+00:00
Nairobi,8.9,0.0210375,22,38,1,21,38,2024-02-05T01:00:00+00:00
Nairobi,7.9,0.0210375,18,33,1,17,33,2024-02-05T02:00:00+00:00
Nairobi,7.4,0.02295,18,31,1,17,31,2024-02-05T03:00:00+00:00
Nairobi,9.6,0.0286875,25,40,1,24,40,2024-02-05T04:00:00+00:00
Nairobi,11,0.0286875,32,46,1,30,46,2024-02-05T05:00:00+00:00
Nairobi,12,0.016065,30,50,1,28,50,2024-02-05T06:00:00+00:00
Nairobi,11,-0.02295,23,46,1,22,46,2024-02-05T07:00:00+00:00
Nairobi,10,-0.0286875,20,42,1,19,42,2024-02-05T08:00:00+00:00
Nairobi,9.9,-0.034425,19,42,1,18,42,2024-02-05T09:00:00+00:00
Nairobi,8,-0.0306,13,34,1,13,34,2024-02-05T10:00:00+00:00
Nairobi,7.7,-0.02295,12,33,1,12,33,2024-02-05T11:00:00+00:00
Nairobi,6.7,-0.0210375,9,28,1,9,28,2024-02-05T12:00:00+00:00
Nairobi,6.7,-0.01836,9.7,28,1,9,28,2024-02-05T13:00:00+00:00
Nairobi,7.2,-0.02295,10,30,1,10,30,2024-02-05T14:00:00+00:00
Nairobi,6.6,-0.0210375,7.9,28,1,8,28,2024-02-05T15:00:00+00:00
Nairobi,7.6,-0.0133875,12,32,1,12,32,2024-02-05T16:00:00+00:00
Nairobi,11,0.0095625,22,46,1,21,46,2024-02-05T17:00:00+00:00
Nairobi,11,0.01549125,26,46,1,25,46,2024-02-05T18:00:00+00:00
Nairobi,15,0.0210375,36,58,1,34,58,2024-02-05T19:00:00+00:00
Nairobi,18,0.026775,45,64,1,42,64,2024-02-05T20:00:00+00:00
Nairobi,14,0.0306,36,56,1,34,56,2024-02-05T21:00:00+00:00
Nairobi,9.2,0.0306,24,39,1,23,39,2024-02-05T22:00:00+00:00
Nairobi,8.2,0.026775,21,35,1,20,35,2024-02-05T23:00:00+00:00
Nairobi,7.9,0.0306,20,33,1,19,33,2024-02-06T00:00:00+00:00
Nairobi,8.4,0.0210375,22,35,1,21,35,2024-02-06T01:00:00+00:00
Nairobi,9.4,0.02295,25,40,1,24,40,2024-02-06T02:00:00+00:00
Nairobi,9.2,0.0286875,25,39,1,24,39,2024-02-06T03:00:00+00:00
Nairobi,13,0.0325125,36,54,1,34,54,2024-02-06T04:00:00+00:00
Nairobi,14,0.0306,39,56,1,37,56,2024-02-06T05:00:00+00:00
Nairobi,19,0.02295,48,66,1,45,66,2024-02-06T06:00:00+00:00
Nairobi,15,-0.00707625,37,58,1,35,58,2024-02-06T07:00:00+00:00
Nairobi,12,-0.0459,26,50,1,25,50,2024-02-06T08:00:00+00:00
Nairobi,11,-0.049725,22,46,1,21,46,2024-02-06T09:00:00+00:00
Nairobi,11,-0.0363375,22,46,1,21,46,2024-02-06T10:00:00+00:00
Nairobi,8.8,-0.0306,15,37,1,14,37,2024-02-06T11:00:00+00:00
Nairobi,8.1,-0.0306,13,34,1,13,34,2024-02-06T12:00:00+00:00
Nairobi,7.7,-0.0286875,11,33,1,11,33,2024-02-06T13:00:00+00:00
Nairobi,7.4,-0.01816875,11,31,1,11,31,2024-02-06T14:00:00+00:00
Nairobi,8.3,-0.011475,14,35,1,13,35,2024-02-06T15:00:00+00:00
Nairobi,11,-0.0019125,23,46,1,22,46,2024-02-06T16:00:00+00:00
Nairobi,11,0.00306,25,46,1,24,46,2024-02-06T17:00:00+00:00
Nairobi,12,0.00401625,26,50,1,25,50,2024-02-06T18:00:00+00:00
Nairobi,29,0.01071,60,88,1,54,88,2024-02-06T19:00:00+00:00
Nairobi,24,0.01778625,51,77,1,48,77,2024-02-06T20:00:00+00:00
Nairobi,29,0.01702125,61,88,1,55,88,2024-02-06T21:00:00+00:00
Nairobi,19,0.01396125,46,66,1,43,66,2024-02-06T22:00:00+00:00
Nairobi,25,0.01778625,56,79,1,52,79,2024-02-06T23:00:00+00:00
Nairobi,26,0.01702125,57,81,1,53,81,2024-02-07T00:00:00+00:00
Nairobi,18,0.0179775,45,64,1,42,64,2024-02-07T01:00:00+00:00
Nairobi,19,0.0210375,48,66,1,45,66,2024-02-07T02:00:00+00:00
Nairobi,24,0.0210375,57,77,1,53,77,2024-02-07T03:00:00+00:00
Nairobi,30,0.0248625,62,90,1,55,90,2024-02-07T04:00:00+00:00
Nairobi,23,0.0248625,56,75,1,52,75,2024-02-07T05:00:00+00:00
Nairobi,19,-0.001128375,45,66,1,42,66,2024-02-07T06:00:00+00:00
Nairobi,13,-0.0248625,30,54,1,28,54,2024-02-07T07:00:00+00:00
Nairobi,14,-0.02295,31,56,1,29,56,2024-02-07T08:00:00+00:00
Nairobi,14,-0.0286875,31,56,1,29,56,2024-02-07T09:00:00+00:00
Nairobi,13,-0.01893375,26,54,1,25,54,2024-02-07T10:00:00+00:00
Nairobi,9.9,-0.0149175,19,42,1,18,42,2024-02-07T11:00:00+00:00
Nairobi,7.8,-0.013005,13,33,1,13,33,2024-02-07T12:00:00+00:00
Nairobi,6.4,-0.01224,8.9,27,1,9,27,2024-02-07T13:00:00+00:00
Nairobi,6,-0.013005,7.3,25,1,7,25,2024-02-07T14:00:00+00:00
Nairobi,7.1,-0.005355,11,30,1,11,30,2024-02-07T15:00:00+00:00
Nairobi,10,0.0179775,23,42,1,22,42,2024-02-07T16:00:00+00:00
Nairobi,9.7,0.0248625,21,41,1,20,41,2024-02-07T17:00:00+00:00
Nairobi,9.4,0.0248625,21,40,1,20,40,2024-02-07T18:00:00+00:00
Nairobi,8.7,0.0248625,20,37,1,19,37,2024-02-07T19:00:00+00:00
Nairobi,10,0.0286875,25,42,1,24,42,2024-02-07T20:00:00+00:00
Nairobi,8.6,0.02295,19,36,1,18,36,2024-02-07T21:00:00+00:00
Nairobi,8,0.0126225,18,34,1,17,34,2024-02-07T22:00:00+00:00
Nairobi,9.2,0.0164475,22,39,1,21,39,2024-02-07T23:00:00+00:00
Nairobi,8.9,0.01836,20,38,1,19,38,2024-02-08T00:00:00+00:00
Nairobi,9.3,0.02295,23,39,1,22,39,2024-02-08T01:00:00+00:00
Nairobi,7.5,0.0248625,18,32,1,17,32,2024-02-08T02:00:00+00:00
Nairobi,5.4,0.034425,12,23,1,12,23,2024-02-08T03:00:00+00:00
Nairobi,8.4,0.03825,21,35,1,20,35,2024-02-08T04:00:00+00:00
Nairobi,10,0.0286875,26,42,1,25,42,2024-02-08T05:00:00+00:00
Nairobi,8.6,0.0306,22,36,1,21,36,2024-02-08T06:00:00+00:00
Nairobi,10,0.01625625,26,42,1,25,42,2024-02-08T07:00:00+00:00
Nairobi,9.7,-0.02295,19,41,1,18,41,2024-02-08T08:00:00+00:00
Nairobi,12,-0.0248625,25,50,1,24,50,2024-02-08T09:00:00+00:00
Nairobi,9.7,-0.026775,18,41,1,17,41,2024-02-08T10:00:00+00:00
Nairobi,6.7,-0.01816875,9.1,28,1,9,28,2024-02-08T11:00:00+00:00
Nairobi,6.4,-0.01243125,8.7,27,1,9,27,2024-02-08T12:00:00+00:00
Nairobi,9.4,-0.00459,18,40,1,17,40,2024-02-08T13:00:00+00:00
Nairobi,5.5,-0.00860625,6.4,23,1,6,23,2024-02-08T14:00:00+00:00
Nairobi,6.7,0.01243125,11,28,1,11,28,2024-02-08T15:00:00+00:00
Nairobi,7.4,0.0210375,14,31,1,13,31,2024-02-08T16:00:00+00:00
Nairobi,8.5,0.01549125,18,36,1,17,36,2024-02-08T17:00:00+00:00
Nairobi,14,0.0248625,32,56,1,30,56,2024-02-08T18:00:00+00:00
Nairobi,12,0.01051875,28,50,1,26,50,2024-02-08T19:00:00+00:00
Nairobi,15,0.02295,40,58,1,38,58,2024-02-08T20:00:00+00:00
Nairobi,15,0.0210375,38,58,1,36,58,2024-02-08T21:00:00+00:00
Nairobi,17,0.0248625,42,62,1,39,62,2024-02-08T22:00:00+00:00
Nairobi,14,0.026775,37,56,1,35,56,2024-02-08T23:00:00+00:00
Nairobi,11,0.0248625,29,46,1,27,46,2024-02-09T00:00:00+00:00
Nairobi,8.8,0.0248625,23,37,1,22,37,2024-02-09T01:00:00+00:00
Nairobi,9.1,0.026775,24,38,1,23,38,2024-02-09T02:00:00+00:00
Nairobi,18,0.0286875,45,64,1,42,64,2024-02-09T03:00:00+00:00
Nairobi,26,0.0286875,59,81,1,54,81,2024-02-09T04:00:00+00:00
Nairobi,22,0.02295,52,73,1,49,73,2024-02-09T05:00:00+00:00
Nairobi,15,-0.01472625,32,58,1,30,58,2024-02-09T06:00:00+00:00
Nairobi,10,-0.042075,20,42,1,19,42,2024-02-09T07:00:00+00:00
Nairobi,9,-0.0459,16,38,1,15,38,2024-02-09T08:00:00+00:00
Nairobi,8.2,-0.0325125,13,35,1,13,35,2024-02-09T09:00:00+00:00
Nairobi,6.1,-0.026775,7.6,26,1,8,26,2024-02-09T10:00:00+00:00
Nairobi,7,-0.01013625,10,30,1,10,30,2024-02-09T11:00:00+00:00
Nairobi,6,-0.01625625,7.6,25,1,8,25,2024-02-09T12:00:00+00:00
Nairobi,6.5,-0.0210375,8.6,28,1,8,28,2024-02-09T13:00:00+00:00
Nairobi,8.4,-0.0187425,14,35,1,13,35,2024-02-09T14:00:00+00:00
Nairobi,8.2,-0.005355,15,35,1,14,35,2024-02-09T15:00:00+00:00
Nairobi,8.9,0.00612,17,38,1,16,38,2024-02-09T16:00:00+00:00
Nairobi,8.3,0.0118575,16,35,1,15,35,2024-02-09T17:00:00+00:00
Nairobi,7.1,0.01472625,13,30,1,13,30,2024-02-09T18:00:00+00:00
Nairobi,7.6,0.01893375,15,32,1,14,32,2024-02-09T19:00:00+00:00
Nairobi,7.3,0.0156825,14,31,1,13,31,2024-02-09T20:00:00+00:00
Nairobi,7.2,0.01472625,15,30,1,14,30,2024-02-09T21:00:00+00:00
Nairobi,6.6,0.02295,13,28,1,13,28,2024-02-09T22:00:00+00:00
Nairobi,6.4,0.0248625,13,27,1,13,27,2024-02-09T23:00:00+00:00
Nairobi,6.8,0.0210375,16,29,1,15,29,2024-02-10T00:00:00+00:00
Nairobi,11,0.02295,29,46,1,27,46,2024-02-10T01:00:00+00:00
Nairobi,8,0.02295,19,34,1,18,34,2024-02-10T02:00:00+00:00
Nairobi,8.4,0.0248625,21,35,1,20,35,2024-02-10T03:00:00+00:00
Nairobi,11,0.026775,29,46,1,27,46,2024-02-10T04:00:00+00:00
Nairobi,21,0.02295,50,71,1,47,71,2024-02-10T05:00:00+00:00
Nairobi,12,-0.00554625,28,50,1,26,50,2024-02-10T06:00:00+00:00
Nairobi,11,-0.00822375,23,46,1,22,46,2024-02-10T07:00:00+00:00
Nairobi,9.8,-0.01549125,19,41,1,18,41,2024-02-10T08:00:00+00:00
Nairobi,8.8,-0.0172125,17,37,1,16,37,2024-02-10T09:00:00+00:00
Nairobi,8.9,-0.01204875,17,38,1,16,38,2024-02-10T10:00:00+00:00
Nairobi,8.8,-0.00937125,16,37,1,15,37,2024-02-10T11:00:00+00:00
Nairobi,7,-0.01377,11,30,1,11,30,2024-02-10T12:00:00+00:00
Nairobi,7.5,-0.01472625,12,32,1,12,32,2024-02-10T13:00:00+00:00
Nairobi,6.9,-0.0118575,11,29,1,11,29,2024-02-10T14:00:00+00:00
Nairobi,6.8,-0.00765,11,29,1,11,29,2024-02-10T15:00:00+00:00
Nairobi,7.9,0.00516375,15,33,1,14,33,2024-02-10T16:00:00+00:00
Nairobi,9.6,0.0210375,22,40,1,21,40,2024-02-10T17:00:00+00:00
Nairobi,9,0.02295,21,38,1,20,38,2024-02-10T18:00:00+00:00
Nairobi,8.6,0.01396125,21,36,1,20,36,2024-02-10T19:00:00+00:00
Nairobi,12,0.02295,30,50,1,28,50,2024-02-10T20:00:00+00:00
Nairobi,12,0.02295,31,50,1,29,50,2024-02-10T21:00:00+00:00
Nairobi,12,0.02295,32,50,1,30,50,2024-02-10T22:00:00+00:00
Nairobi,9.8,0.026775,26,41,1,25,41,2024-02-10T23:00:00+00:00
Nairobi,11,0.0286875,30,46,1,28,46,2024-02-11T00:00:00+00:00
Nairobi,10,0.0325125,30,42,1,28,42,2024-02-11T01:00:00+00:00
Nairobi,8.7,0.034425,25,37,1,24,37,2024-02-11T02:00:00+00:00
Nairobi,8.9,0.034425,25,38,1,24,38,2024-02-11T03:00:00+00:00
Nairobi,15,0.0306,42,58,1,39,58,2024-02-11T04:00:00+00:00
Nairobi,25,0.02295,60,79,1,54,79,2024-02-11T05:00:00+00:00
Nairobi,16,0.01166625,42,60,1,39,60,2024-02-11T06:00:00+00:00
Nairobi,15,-0.00439875,36,58,1,34,58,2024-02-11T07:00:00+00:00
Nairobi,14,-0.02295,35,56,1,33,56,2024-02-11T08:00:00+00:00
Nairobi,11,-0.0286875,25,46,1,24,46,2024-02-11T09:00:00+00:00
Nairobi,12,-0.02295,24,50,1,23,50,2024-02-11T10:00:00+00:00
Nairobi,9.8,-0.01740375,20,41,1,19,41,2024-02-11T11:00:00+00:00
Nairobi,8.8,-0.01166625,17,37,1,16,37,2024-02-11T12:00:00+00:00
Nairobi,8,-0.0179775,15,34,1,14,34,2024-02-11T13:00:00+00:00
Nairobi,7.9,-0.01396125,15,33,1,14,33,2024-02-11T14:00:00+00:00
Nairobi,8.2,-0.00918,16,35,1,15,35,2024-02-11T15:00:00+00:00
Nairobi,9.5,0.001243125,19,40,1,18,40,2024-02-11T16:00:00+00:00
Nairobi,11,0.00898875,26,46,1,25,46,2024-02-11T17:00:00+00:00
Nairobi,16,0.0110925,38,60,1,36,60,2024-02-11T18:00:00+00:00
Nairobi,15,0.01357875,37,58,1,35,58,2024-02-11T19:00:00+00:00
Nairobi,14,0.019125,37,56,1,35,56,2024-02-11T20:00:00+00:00
Nairobi,15,0.02295,39,58,1,37,58,2024-02-11T21:00:00+00:00
Nairobi,14,0.02295,38,56,1,36,56,2024-02-11T22:00:00+00:00
Nairobi,12,0.01893375,31,50,1,29,50,2024-02-11T23:00:00+00:00
Nairobi,11,0.019125,28,46,1,26,46,2024-02-12T00:00:00+00:00
Nairobi,11,0.01893375,29,46,1,27,46,2024-02-12T01:00:00+00:00
Nairobi,11,0.02295,31,46,1,29,46,2024-02-12T02:00:00+00:00
Nairobi,17,0.0286875,46,62,1,43,62,2024-02-12T03:00:00+00:00
Nairobi,17,0.0286875,45,62,1,42,62,2024-02-12T04:00:00+00:00
Nairobi,19,0.019125,49,66,1,46,66,2024-02-12T05:00:00+00:00
Nairobi,14,-0.01357875,34,56,1,32,56,2024-02-12T06:00:00+00:00
Nairobi,17,-0.034425,37,62,1,35,62,2024-02-12T07:00:00+00:00
Nairobi,19,-0.017595,41,66,1,38,66,2024-02-12T08:00:00+00:00
Nairobi,14,-0.0286875,30,56,1,28,56,2024-02-12T09:00:00+00:00
Nairobi,13,-0.0210375,28,54,1,26,54,2024-02-12T10:00:00+00:00
Nairobi,10,-0.017595,21,42,1,20,42,2024-02-12T11:00:00+00:00
Nairobi,11,-0.01587375,21,46,1,20,46,2024-02-12T12:00:00+00:00
Nairobi,9.6,-0.017595,18,40,1,17,40,2024-02-12T13:00:00+00:00
Nairobi,8.9,-0.0210375,15,38,1,14,38,2024-02-12T14:00:00+00:00
Nairobi,9.2,-0.01472625,16,39,1,15,39,2024-02-12T15:00:00+00:00
Nairobi,12,-0.01128375,24,50,1,23,50,2024-02-12T16:00:00+00:00
Nairobi,15,0.0087975,34,58,1,32,58,2024-02-12T17:00:00+00:00
Nairobi,32,0.0095625,62,94,1,55,94,2024-02-12T18:00:00+00:00
Nairobi,21,0.011475,48,71,1,45,71,2024-02-12T19:00:00+00:00
Nairobi,12,0.0133875,29,50,1,27,50,2024-02-12T20:00:00+00:00
Nairobi,10,0.0149175,24,42,1,23,42,2024-02-12T21:00:00+00:00
Nairobi,11,0.0156825,28,46,1,26,46,2024-02-12T22:00:00+00:00
Nairobi,11,0.0210375,28,46,1,26,46,2024-02-12T23:00:00+00:00
Nairobi,9.3,0.0210375,22,39,1,21,39,2024-02-13T00:00:00+00:00
Nairobi,10,0.02295,27,42,1,25,42,2024-02-13T01:00:00+00:00
Nairobi,11,0.0210375,29,46,1,27,46,2024-02-13T02:00:00+00:00
Nairobi,12,0.02295,34,50,1,32,50,2024-02-13T03:00:00+00:00
Nairobi,19,0.0306,48,66,1,45,66,2024-02-13T04:00:00+00:00
Nairobi,33,0.0248625,65,96,1,57,96,2024-02-13T05:00:00+00:00
Nairobi,23,-0.008415,46,75,1,43,75,2024-02-13T06:00:00+00:00
Nairobi,13,-0.042075,27,54,1,25,54,2024-02-13T07:00:00+00:00
Nairobi,13,-0.0439875,27,54,1,25,54,2024-02-13T08:00:00+00:00
Nairobi,14,-0.0401625,29,56,1,27,56,2024-02-13T09:00:00+00:00
Nairobi,12,-0.0248625,25,50,1,24,50,2024-02-13T10:00:00+00:00
Nairobi,9.5,-0.01166625,17,40,1,16,40,2024-02-13T11:00:00+00:00
Nairobi,9.6,-0.0103275,18,40,1,17,40,2024-02-13T12:00:00+00:00
Nairobi,9.5,-0.0149175,18,40,1,17,40,2024-02-13T13:00:00+00:00
Nairobi,9.1,-0.01281375,16,38,1,15,38,2024-02-13T14:00:00+00:00
Nairobi,9.3,-0.0080325,17,39,1,16,39,2024-02-13T15:00:00+00:00
Nairobi,10,-0.0034425,21,42,1,20,42,2024-02-13T16:00:00+00:00
Nairobi,13,0.00765,29,54,1,27,54,2024-02-13T17:00:00+00:00
Nairobi,13,0.02295,32,54,1,30,54,2024-02-13T18:00:00+00:00
Nairobi,13,0.026775,33,54,1,31,54,2024-02-13T19:00:00+00:00
Nairobi,12,0.026775,31,50,1,29,50,2024-02-13T20:00:00+00:00
Nairobi,16,0.02295,40,60,1,38,60,2024-02-13T21:00:00+00:00
Nairobi,11,0.0210375,29,46,1,27,46,2024-02-13T22:00:00+00:00
Nairobi,9.4,0.0210375,23,40,1,22,40,2024-02-13T23:00:00+00:00
Nairobi,11,0.02295,30,46,1,28,46,2024-02-14T00:00:00+00:00
Nairobi,13,0.0248625,37,54,1,35,54,2024-02-14T01:00:00+00:00
Nairobi,11,0.0248625,31,46,1,29,46,2024-02-14T02:00:00+00:00
Nairobi,12,0.0248625,33,50,1,31,50,2024-02-14T03:00:00+00:00
Nairobi,15,0.0363375,40,58,1,38,58,2024-02-14T04:00:00+00:00
Nairobi,18,0.0248625,44,64,1,41,64,2024-02-14T05:00:00+00:00
Nairobi,15,-0.01166625,36,58,1,34,58,2024-02-14T06:00:00+00:00
Nairobi,14,-0.0363375,31,56,1,29,56,2024-02-14T07:00:00+00:00
Nairobi,17,-0.03825,36,62,1,34,62,2024-02-14T08:00:00+00:00
Nairobi,12,-0.034425,27,50,1,25,50,2024-02-14T09:00:00+00:00
Nairobi,10,-0.0286875,19,42,1,18,42,2024-02-14T10:00:00+00:00
Nairobi,10,-0.014535,21,42,1,20,42,2024-02-14T11:00:00+00:00
Nairobi,9.5,-0.019125,18,40,1,17,40,2024-02-14T12:00:00+00:00
Nairobi,9.8,-0.01434375,20,41,1,19,41,2024-02-14T13:00:00+00:00
Nairobi,8.6,-0.026775,14,36,1,13,36,2024-02-14T14:00:00+00:00
Nairobi,9.1,-0.0306,15,38,1,14,38,2024-02-14T15:00:00+00:00
Nairobi,11,-0.00306,21,46,1,20,46,2024-02-14T16:00:00+00:00
Nairobi,13,0.0126225,29,54,1,27,54,2024-02-14T17:00:00+00:00
Nairobi,15,0.00707625,35,58,1,33,58,2024-02-14T18:00:00+00:00
Nairobi,14,0.00822375,33,56,1,31,56,2024-02-14T19:00:00+00:00
Nairobi,19,0.0087975,44,66,1,41,66,2024-02-14T20:00:00+00:00
Nairobi,17,0.01204875,40,62,1,38,62,2024-02-14T21:00:00+00:00
Nairobi,17,0.01472625,40,62,1,38,62,2024-02-14T22:00:00+00:00
Nairobi,15,0.01625625,36,58,1,34,58,2024-02-14T23:00:00+00:00
Nairobi,15,0.01702125,38,58,1,36,58,2024-02-15T00:00:00+00:00
Nairobi,13,0.017595,34,54,1,32,54,2024-02-15T01:00:00+00:00
Nairobi,14,0.0210375,38,56,1,36,56,2024-02-15T02:00:00+00:00
Nairobi,18,0.0248625,45,64,1,42,64,2024-02-15T03:00:00+00:00
Nairobi,23,0.026775,55,75,1,51,75,2024-02-15T04:00:00+00:00
Nairobi,21,0.014535,50,71,1,47,71,2024-02-15T05:00:00+00:00
Nairobi,21,-0.01472625,45,71,1,42,71,2024-02-15T06:00:00+00:00
Nairobi,12,-0.0459,24,50,1,23,50,2024-02-15T07:00:00+00:00
Nairobi,12,-0.0478125,22,50,1,21,50,2024-02-15T08:00:00+00:00
Nairobi,12,-0.0439875,23,50,1,22,50,2024-02-15T09:00:00+00:00
Nairobi,11,-0.0248625,21,46,1,20,46,2024-02-15T10:00:00+00:00
Nairobi,10,-0.0210375,20,42,1,19,42,2024-02-15T11:00:00+00:00
Nairobi,8.2,-0.0248625,12,35,1,12,35,2024-02-15T12:00:00+00:00
Nairobi,7.3,-0.0248625,9.9,31,1,10,31,2024-02-15T13:00:00+00:00
Nairobi,7.4,-0.0210375,10,31,1,10,31,2024-02-15T14:00:00+00:00
Nairobi,7.5,-0.0187425,10,32,1,10,32,2024-02-15T15:00:00+00:00
Nairobi,8.5,-0.01587375,14,36,1,13,36,2024-02-15T16:00:00+00:00
Nairobi,13,-0.00187425,27,54,1,25,54,2024-02-15T17:00:00+00:00
Nairobi,16,0.00306,38,60,1,36,60,2024-02-15T18:00:00+00:00
Nairobi,17,0.00745875,38,62,1,36,62,2024-02-15T19:00:00+00:00
Nairobi,19,0.01663875,44,66,1,41,66,2024-02-15T20:00:00+00:00
Nairobi,17,0.01778625,40,62,1,38,62,2024-02-15T21:00:00+00:00
Nairobi,43,0.01702125,77,120,1,63,120,2024-02-15T22:00:00+00:00
Nairobi,14,0.019125,36,56,1,34,56,2024-02-15T23:00:00+00:00
Nairobi,23,0.02295,53,75,1,50,75,2024-02-16T00:00:00+00:00
Nairobi,16,0.0248625,42,60,1,39,60,2024-02-16T01:00:00+00:00
Nairobi,30,0.0248625,66,90,1,57,90,2024-02-16T02:00:00+00:00
Nairobi,21,0.026775,50,71,1,47,71,2024-02-16T03:00:00+00:00
Nairobi,19,0.0325125,47,66,1,44,66,2024-02-16T04:00:00+00:00
Nairobi,20,0.0156825,48,69,1,45,69,2024-02-16T05:00:00+00:00
Nairobi,14,-0.0065025,33,56,1,31,56,2024-02-16T06:00:00+00:00
Nairobi,17,-0.026775,36,62,1,34,62,2024-02-16T07:00:00+00:00
Nairobi,14,-0.034425,29,56,1,27,56,2024-02-16T08:00:00+00:00
Nairobi,11,-0.019125,21,46,1,20,46,2024-02-16T09:00:00+00:00
Nairobi,10,-0.01319625,20,42,1,19,42,2024-02-16T10:00:00+00:00
Nairobi,9.2,-0.00612,17,39,1,16,39,2024-02-16T11:00:00+00:00
Nairobi,9.3,-0.00898875,18,39,1,17,39,2024-02-16T12:00:00+00:00
Nairobi,8.7,-0.0118575,15,37,1,14,37,2024-02-16T13:00:00+00:00
Nairobi,8,-0.0156825,13,34,1,13,34,2024-02-16T14:00:00+00:00
Nairobi,8.5,-0.008415,15,36,1,14,36,2024-02-16T15:00:00+00:00
Nairobi,11,-0.0019125,22,46,1,21,46,2024-02-16T16:00:00+00:00
Nairobi,12,0.013005,27,50,1,25,50,2024-02-16T17:00:00+00:00
Nairobi,12,0.01836,29,50,1,27,50,2024-02-16T18:00:00+00:00
Nairobi,17,0.02295,41,62,1,38,62,2024-02-16T19:00:00+00:00
Nairobi,20,0.026775,47,69,1,44,69,2024-02-16T20:00:00+00:00
Nairobi,19,0.0286875,45,66,1,42,66,2024-02-16T21:00:00+00:00
Nairobi,27,0.0306,57,84,1,53,84,2024-02-16T22:00:00+00:00
Nairobi,16,0.0286875,40,60,1,38,60,2024-02-16T23:00:00+00:00
Nairobi,17,0.0286875,43,62,1,40,62,2024-02-17T00:00:00+00:00
Nairobi,18,0.0210375,46,64,1,43,64,2024-02-17T01:00:00+00:00
Nairobi,14,0.02295,38,56,1,36,56,2024-02-17T02:00:00+00:00
Nairobi,13,0.02295,36,54,1,34,54,2024-02-17T03:00:00+00:00
Nairobi,27,0.026775,60,84,1,54,84,2024-02-17T04:00:00+00:00
Nairobi,20,0.0248625,48,69,1,45,69,2024-02-17T05:00:00+00:00
Nairobi,13,-0.00439875,31,54,1,29,54,2024-02-17T06:00:00+00:00
Nairobi,15,-0.03825,34,58,1,32,58,2024-02-17T07:00:00+00:00
Nairobi,12,-0.0306,25,50,1,24,50,2024-02-17T08:00:00+00:00
Nairobi,10,-0.0210375,20,42,1,19,42,2024-02-17T09:00:00+00:00
Nairobi,10,-0.00937125,21,42,1,20,42,2024-02-17T10:00:00+00:00
Nairobi,9.7,-0.00707625,19,41,1,18,41,2024-02-17T11:00:00+00:00
Nairobi,8.8,-0.0153,16,37,1,15,37,2024-02-17T12:00:00+00:00
Nairobi,8.3,-0.0133875,15,35,1,14,35,2024-02-17T13:00:00+00:00
Nairobi,8.1,-0.02295,13,34,1,13,34,2024-02-17T14:00:00+00:00
Nairobi,8.3,-0.0248625,13,35,1,13,35,2024-02-17T15:00:00+00:00
Nairobi,9.1,-0.0210375,16,38,1,15,38,2024-02-17T16:00:00+00:00
Nairobi,12,-0.0019125,26,50,1,25,50,2024-02-17T17:00:00+00:00
Nairobi,15,0.008415,34,58,1,32,58,2024-02-17T18:00:00+00:00
Nairobi,16,0.01740375,39,60,1,37,60,2024-02-17T19:00:00+00:00
Nairobi,26,0.026775,55,81,1,51,81,2024-02-17T20:00:00+00:00
Nairobi,17,0.0306,43,62,1,40,62,2024-02-17T21:00:00+00:00
Nairobi,26,0.0306,55,81,1,51,81,2024-02-17T22:00:00+00:00
Nairobi,18,0.026775,47,64,1,44,64,2024-02-17T23:00:00+00:00
Nairobi,18,0.0286875,48,64,1,45,64,2024-02-18T00:00:00+00:00
Nairobi,25,0.0306,57,79,1,53,79,2024-02-18T01:00:00+00:00
Nairobi,32,0.034425,67,94,1,58,94,2024-02-18T02:00:00+00:00
Nairobi,30,0.0286875,66,90,1,57,90,2024-02-18T03:00:00+00:00
Nairobi,35,0.034425,75,101,1,62,101,2024-02-18T04:00:00+00:00
Nairobi,65,0.0248625,120,156,1,84,156,2024-02-18T05:00:00+00:00
Nairobi,57,-0.016065,90,152,1,69,152,2024-02-18T06:00:00+00:00
Nairobi,24,-0.065025,46,77,1,43,77,2024-02-18T07:00:00+00:00
Nairobi,12,-0.0669375,23,50,1,22,50,2024-02-18T08:00:00+00:00
Nairobi,12,-0.0516375,22,50,1,21,50,2024-02-18T09:00:00+00:00
Nairobi,11,-0.0286875,21,46,1,20,46,2024-02-18T10:00:00+00:00
Nairobi,11,-0.019125,21,46,1,20,46,2024-02-18T11:00:00+00:00
Nairobi,9.6,-0.0286875,17,40,1,16,40,2024-02-18T12:00:00+00:00
Nairobi,9.9,-0.02295,18,42,1,17,42,2024-02-18T13:00:00+00:00
Nairobi,11,-0.01166625,20,46,1,19,46,2024-02-18T14:00:00+00:00
Nairobi,11,0.000554625,20,46,1,19,46,2024-02-18T15:00:00+00:00
Nairobi,10,0.00745875,21,42,1,20,42,2024-02-18T16:00:00+00:00
Nairobi,12,0.01893375,26,50,1,25,50,2024-02-18T17:00:00+00:00
Nairobi,11,0.019125,23,46,1,22,46,2024-02-18T18:00:00+00:00
Nairobi,12,0.0210375,26,50,1,25,50,2024-02-18T19:00:00+00:00
Nairobi,13,0.0187425,31,54,1,29,54,2024-02-18T20:00:00+00:00
Nairobi,13,0.0210375,31,54,1,29,54,2024-02-18T21:00:00+00:00
Nairobi,13,0.02295,31,54,1,29,54,2024-02-18T22:00:00+00:00
Nairobi,11,0.017595,27,46,1,25,46,2024-02-18T23:00:00+00:00
Nairobi,12,0.0210375,28,50,1,26,50,2024-02-19T00:00:00+00:00
Nairobi,10,0.019125,25,42,1,24,42,2024-02-19T01:00:00+00:00
Nairobi,15,0.0248625,39,58,1,37,58,2024-02-19T02:00:00+00:00
Nairobi,19,0.0286875,42,66,1,39,66,2024-02-19T03:00:00+00:00
Nairobi,39,0.0325125,69,110,1,59,110,2024-02-19T04:00:00+00:00
Nairobi,52,0.0286875,82,142,1,65,142,2024-02-19T05:00:00+00:00
Nairobi,29,-0.001740375,52,88,1,49,88,2024-02-19T06:00:00+00:00
Nairobi,16,-0.03825,33,60,1,31,60,2024-02-19T07:00:00+00:00
Nairobi,14,-0.0554625,29,56,1,27,56,2024-02-19T08:00:00+00:00
Nairobi,12,-0.05355,24,50,1,23,50,2024-02-19T09:00:00+00:00
Nairobi,13,-0.0286875,25,54,1,24,54,2024-02-19T10:00:00+00:00
Nairobi,11,-0.02295,20,46,1,19,46,2024-02-19T11:00:00+00:00
Nairobi,10,-0.02295,18,42,1,17,42,2024-02-19T12:00:00+00:00
Nairobi,9.2,-0.02295,15,39,1,14,39,2024-02-19T13:00:00+00:00
Nairobi,8.1,-0.0306,11,34,1,11,34,2024-02-19T14:00:00+00:00
Nairobi,9.1,-0.01702125,14,38,1,13,38,2024-02-19T15:00:00+00:00
Nairobi,11,-0.000918,21,46,1,20,46,2024-02-19T16:00:00+00:00
Nairobi,12,0.01128375,26,50,1,25,50,2024-02-19T17:00:00+00:00
Nairobi,11,0.017595,24,46,1,23,46,2024-02-19T18:00:00+00:00
Nairobi,12,0.019125,26,50,1,25,50,2024-02-19T19:00:00+00:00
Nairobi,11,0.0210375,24,46,1,23,46,2024-02-19T20:00:00+00:00
Nairobi,8.9,0.0306,19,38,1,18,38,2024-02-19T21:00:00+00:00
Nairobi,8.4,0.0325125,18,35,1,17,35,2024-02-19T22:00:00+00:00
Nairobi,8.4,0.0306,19,35,1,18,35,2024-02-19T23:00:00+00:00
Nairobi,7.9,0.0286875,17,33,1,16,33,2024-02-20T00:00:00+00:00
Nairobi,7.3,0.034425,17,31,1,16,31,2024-02-20T01:00:00+00:00
Nairobi,7.8,0.0306,17,33,1,16,33,2024-02-20T02:00:00+00:00
Nairobi,8,0.0325125,19,34,1,18,34,2024-02-20T03:00:00+00:00
Nairobi,9.5,0.0325125,23,40,1,22,40,2024-02-20T04:00:00+00:00
Nairobi,12,0.0325125,31,50,1,29,50,2024-02-20T05:00:00+00:00
Nairobi,11,0.011475,26,46,1,25,46,2024-02-20T06:00:00+00:00
Nairobi,11,0.00459,26,46,1,25,46,2024-02-20T07:00:00+00:00
Nairobi,12,-0.0011475,26,50,1,25,50,2024-02-20T08:00:00+00:00
Nairobi,12,-0.02295,26,50,1,25,50,2024-02-20T09:00:00+00:00
Nairobi,9.6,-0.0210375,18,40,1,17,40,2024-02-20T10:00:00+00:00
Nairobi,9.2,-0.0179775,17,39,1,16,39,2024-02-20T11:00:00+00:00
Nairobi,8.9,-0.0153,16,38,1,15,38,2024-02-20T12:00:00+00:00
Nairobi,8.6,-0.02295,15,36,1,14,36,2024-02-20T13:00:00+00:00
Nairobi,8.3,-0.026775,13,35,1,13,35,2024-02-20T14:00:00+00:00
Nairobi,8.5,-0.01778625,14,36,1,13,36,2024-02-20T15:00:00+00:00
Nairobi,10,0.00017595,20,42,1,19,42,2024-02-20T16:00:00+00:00
Nairobi,15,0.009945,34,58,1,32,58,2024-02-20T17:00:00+00:00
Nairobi,15,0.01051875,35,58,1,33,58,2024-02-20T18:00:00+00:00
Nairobi,12,0.01243125,28,50,1,26,50,2024-02-20T19:00:00+00:00
Nairobi,11,0.01702125,23,46,1,22,46,2024-02-20T20:00:00+00:00
Nairobi,7.9,0.0306,17,33,1,16,33,2024-02-20T21:00:00+00:00
Nairobi,7.8,0.0286875,17,33,1,16,33,2024-02-20T22:00:00+00:00
Nairobi,7.7,0.02295,16,33,1,15,33,2024-02-20T23:00:00+00:00
Nairobi,7.5,0.026775,17,32,1,16,32,2024-02-21T00:00:00+00:00
Nairobi,8.5,0.0306,20,36,1,19,36,2024-02-21T01:00:00+00:00
Nairobi,9.6,0.0325125,24,40,1,23,40,2024-02-21T02:00:00+00:00
Nairobi,11,0.0363375,28,46,1,26,46,2024-02-21T03:00:00+00:00
Nairobi,15,0.03825,40,58,1,38,58,2024-02-21T04:00:00+00:00
Nairobi,14,0.0401625,38,56,1,36,56,2024-02-21T05:00:00+00:00
Nairobi,12,0.019125,30,50,1,28,50,2024-02-21T06:00:00+00:00
Nairobi,11,-0.00459,26,46,1,25,46,2024-02-21T07:00:00+00:00
Nairobi,11,-0.02295,23,46,1,22,46,2024-02-21T08:00:00+00:00
Nairobi,11,-0.0325125,22,46,1,21,46,2024-02-21T09:00:00+00:00
Nairobi,9.1,-0.0210375,16,38,1,15,38,2024-02-21T10:00:00+00:00
Nairobi,9,-0.019125,16,38,1,15,38,2024-02-21T11:00:00+00:00
Nairobi,9,-0.0248625,16,38,1,15,38,2024-02-21T12:00:00+00:00
Nairobi,9.6,-0.026775,18,40,1,17,40,2024-02-21T13:00:00+00:00
Nairobi,8.9,-0.0286875,15,38,1,14,38,2024-02-21T14:00:00+00:00
Nairobi,9.4,-0.0306,16,40,1,15,40,2024-02-21T15:00:00+00:00
Nairobi,14,-0.01090125,29,56,1,27,56,2024-02-21T16:00:00+00:00
Nairobi,9.6,-0.0080325,17,40,1,16,40,2024-02-21T17:00:00+00:00
Nairobi,12,0.0095625,24,50,1,23,50,2024-02-21T18:00:00+00:00
Nairobi,13,0.0248625,29,54,1,27,54,2024-02-21T19:00:00+00:00
Nairobi,12,0.02295,28,50,1,26,50,2024-02-21T20:00:00+00:00
Nairobi,8.9,0.02295,19,38,1,18,38,2024-02-21T21:00:00+00:00
Nairobi,8.2,0.0248625,17,35,1,16,35,2024-02-21T22:00:00+00:00
Nairobi,7.4,0.0248625,15,31,1,14,31,2024-02-21T23:00:00+00:00
Nairobi,7.1,0.0286875,15,30,1,14,30,2024-02-22T00:00:00+00:00
Nairobi,7.7,0.0306,17,33,1,16,33,2024-02-22T01:00:00+00:00
Nairobi,7.8,0.0248625,19,33,1,18,33,2024-02-22T02:00:00+00:00
Nairobi,9.9,0.0325125,25,42,1,24,42,2024-02-22T03:00:00+00:00
Nairobi,14,0.034425,38,56,1,36,56,2024-02-22T04:00:00+00:00
Nairobi,13,0.02295,35,54,1,33,54,2024-02-22T05:00:00+00:00
Nairobi,11,0.02295,28,46,1,26,46,2024-02-22T06:00:00+00:00
Nairobi,11,0.00784125,28,46,1,26,46,2024-02-22T07:00:00+00:00
Nairobi,13,-0.00325125,30,54,1,28,54,2024-02-22T08:00:00+00:00
Nairobi,8.9,-0.016065,17,38,1,16,38,2024-02-22T09:00:00+00:00
Nairobi,9,-0.01377,18,38,1,17,38,2024-02-22T10:00:00+00:00
Nairobi,8.3,-0.00822375,15,35,1,14,35,2024-02-22T11:00:00+00:00
Nairobi,8,-0.01013625,14,34,1,13,34,2024-02-22T12:00:00+00:00
Nairobi,7.5,-0.01434375,12,32,1,12,32,2024-02-22T13:00:00+00:00
Nairobi,7.3,-0.01740375,11,31,1,11,31,2024-02-22T14:00:00+00:00
Nairobi,6.8,-0.0210375,9.6,29,1,9,29,2024-02-22T15:00:00+00:00
Nairobi,8.6,-0.01204875,16,36,1,15,36,2024-02-22T16:00:00+00:00
Nairobi,11,0.00210375,24,46,1,23,46,2024-02-22T17:00:00+00:00
Nairobi,8.1,0.00860625,15,34,1,14,34,2024-02-22T18:00:00+00:00
Nairobi,7.8,0.01319625,16,33,1,15,33,2024-02-22T19:00:00+00:00
Nairobi,8.4,0.013005,18,35,1,17,35,2024-02-22T20:00:00+00:00
Nairobi,7.7,0.00918,16,33,1,15,33,2024-02-22T21:00:00+00:00
Nairobi,8.4,0.00898875,19,35,1,18,35,2024-02-22T22:00:00+00:00
Nairobi,6.9,0.014535,15,29,1,14,29,2024-02-22T23:00:00+00:00
Nairobi,6.1,0.0156825,11,26,1,11,26,2024-02-23T00:00:00+00:00
Nairobi,7.4,0.02295,16,31,1,15,31,2024-02-23T01:00:00+00:00
Nairobi,8.2,0.049725,22,35,1,21,35,2024-02-23T02:00:00+00:00
Nairobi,8.2,0.042075,22,35,1,21,35,2024-02-23T03:00:00+00:00
Nairobi,10,0.0401625,29,42,1,27,42,2024-02-23T04:00:00+00:00
Nairobi,9.3,0.03825,26,39,1,25,39,2024-02-23T05:00:00+00:00
Nairobi,8.2,0.00975375,20,35,1,19,35,2024-02-23T06:00:00+00:00
Nairobi,6.8,-0.00478125,13,29,1,13,29,2024-02-23T07:00:00+00:00
Nairobi,8.1,0.000325125,18,34,1,17,34,2024-02-23T08:00:00+00:00
Nairobi,7.3,-0.011475,14,31,1,13,31,2024-02-23T09:00:00+00:00
Nairobi,7.2,-0.00765,13,30,1,13,30,2024-02-23T10:00:00+00:00
Nairobi,7.3,-0.00975375,13,31,1,13,31,2024-02-23T11:00:00+00:00
Nairobi,7,-0.0164475,11,30,1,11,30,2024-02-23T12:00:00+00:00
Nairobi,6.6,-0.019125,9.1,28,1,9,28,2024-02-23T13:00:00+00:00
Nairobi,6.6,-0.01319625,10,28,1,10,28,2024-02-23T14:00:00+00:00
Nairobi,9.3,-0.00707625,18,39,1,17,39,2024-02-23T15:00:00+00:00
Nairobi,8.3,0.001836,15,35,1,14,35,2024-02-23T16:00:00+00:00
Nairobi,9.9,-0.0000765,22,42,1,21,42,2024-02-23T17:00:00+00:00
Nairobi,8.5,0.01281375,18,36,1,17,36,2024-02-23T18:00:00+00:00
Nairobi,7.7,0.0172125,16,33,1,15,33,2024-02-23T19:00:00+00:00
Nairobi,6.9,0.0210375,14,29,1,13,29,2024-02-23T20:00:00+00:00
Nairobi,7.6,0.02295,17,32,1,16,32,2024-02-23T21:00:00+00:00
Nairobi,7.9,0.0248625,18,33,1,17,33,2024-02-23T22:00:00+00:00
Nairobi,6.5,0.042075,15,28,1,14,28,2024-02-23T23:00:00+00:00
Nairobi,6.1,0.0439875,14,26,1,13,26,2024-02-24T00:00:00+00:00
Nairobi,7.3,0.03825,19,31,1,18,31,2024-02-24T01:00:00+00:00
Nairobi,7,0.0363375,18,30,1,17,30,2024-02-24T02:00:00+00:00
Nairobi,7.9,0.0363375,22,33,1,21,33,2024-02-24T03:00:00+00:00
Nairobi,7.9,0.034425,21,33,1,20,33,2024-02-24T04:00:00+00:00
Nairobi,8,0.042075,23,34,1,22,34,2024-02-24T05:00:00+00:00
Nairobi,9.5,0.0439875,26,40,1,25,40,2024-02-24T06:00:00+00:00
Nairobi,8.8,0.034425,24,37,1,23,37,2024-02-24T07:00:00+00:00
Nairobi,17,0.0325125,40,62,1,38,62,2024-02-24T08:00:00+00:00
Nairobi,7.7,0.0286875,19,33,1,18,33,2024-02-24T09:00:00+00:00
Nairobi,6.6,0.0149175,16,28,1,15,28,2024-02-24T10:00:00+00:00
Nairobi,11,0.01357875,29,46,1,27,46,2024-02-24T11:00:00+00:00
Nairobi,6.5,0.01243125,13,28,1,13,28,2024-02-24T12:00:00+00:00
Nairobi,5.1,0.0286875,11,22,1,11,22,2024-02-24T13:00:00+00:00
Nairobi,5,0.01740375,10,21,1,10,21,2024-02-24T14:00:00+00:00
Nairobi,6.9,0.002295,16,29,1,15,29,2024-02-24T15:00:00+00:00
Nairobi,5.7,0.0133875,11,24,1,11,24,2024-02-24T16:00:00+00:00
Nairobi,5.1,0.026775,11,22,1,11,22,2024-02-24T17:00:00+00:00
Nairobi,6,0.03825,14,25,1,13,25,2024-02-24T18:00:00+00:00
Nairobi,8.3,0.034425,22,35,1,21,35,2024-02-24T19:00:00+00:00
Nairobi,14,0.034425,39,56,1,37,56,2024-02-24T20:00:00+00:00
Nairobi,12,0.034425,35,50,1,33,50,2024-02-24T21:00:00+00:00
Nairobi,9.9,0.042075,29,42,1,27,42,2024-02-24T22:00:00+00:00
Nairobi,9.3,0.0401625,28,39,1,26,39,2024-02-24T23:00:00+00:00
Nairobi,9.7,0.03825,29,41,1,27,41,2024-02-25T00:00:00+00:00
Nairobi,19,0.034425,50,66,1,47,66,2024-02-25T01:00:00+00:00
Nairobi,36,0.0363375,79,103,1,64,103,2024-02-25T02:00:00+00:00
Nairobi,14,0.0363375,43,56,1,40,56,2024-02-25T03:00:00+00:00
Nairobi,10,0.03825,32,42,1,30,42,2024-02-25T04:00:00+00:00
Nairobi,23,0.0325125,56,75,1,52,75,2024-02-25T05:00:00+00:00
Nairobi,18,0.02295,46,64,1,43,64,2024-02-25T06:00:00+00:00
Nairobi,11,-0.009945,28,46,1,26,46,2024-02-25T07:00:00+00:00
Nairobi,11,-0.02295,24,46,1,23,46,2024-02-25T08:00:00+00:00
Nairobi,12,-0.02295,28,50,1,26,50,2024-02-25T09:00:00+00:00
Nairobi,9.9,-0.019125,21,42,1,20,42,2024-02-25T10:00:00+00:00
Nairobi,38,-0.017595,70,108,1,59,108,2024-02-25T11:00:00+00:00
Nairobi,6.9,-0.0286875,11,29,1,11,29,2024-02-25T12:00:00+00:00
Nairobi,6.1,-0.0210375,8.2,26,1,8,26,2024-02-25T13:00:00+00:00
Nairobi,5.7,-0.00918,8.2,24,1,8,24,2024-02-25T14:00:00+00:00
Nairobi,6.8,-0.00898875,11,29,1,11,29,2024-02-25T15:00:00+00:00
Nairobi,12,0.0034425,26,50,1,25,50,2024-02-25T16:00:00+00:00
Nairobi,14,0.01224,32,56,1,30,56,2024-02-25T17:00:00+00:00
Nairobi,15,0.017595,36,58,1,34,58,2024-02-25T18:00:00+00:00
Nairobi,18,0.01702125,42,64,1,39,64,2024-02-25T19:00:00+00:00
Nairobi,15,0.014535,37,58,1,35,58,2024-02-25T20:00:00+00:00
Nairobi,19,0.019125,44,66,1,41,66,2024-02-25T21:00:00+00:00
Nairobi,19,0.026775,45,66,1,42,66,2024-02-25T22:00:00+00:00
Nairobi,15,0.026775,35,58,1,33,58,2024-02-25T23:00:00+00:00
Nairobi,5.5,0.03825,12,23,1,12,23,2024-02-26T00:00:00+00:00
Nairobi,5.5,0.0363375,12,23,1,12,23,2024-02-26T01:00:00+00:00
Nairobi,6.9,0.0325125,18,29,1,17,29,2024-02-26T02:00:00+00:00
Nairobi,7.7,0.034425,21,33,1,20,33,2024-02-26T03:00:00+00:00
Nairobi,19,0.0401625,46,66,1,43,66,2024-02-26T04:00:00+00:00
Nairobi,43,0.0363375,77,120,1,63,120,2024-02-26T05:00:00+00:00
Nairobi,18,-0.00248625,41,64,1,38,64,2024-02-26T06:00:00+00:00
Nairobi,24,-0.0612,45,77,1,42,77,2024-02-26T07:00:00+00:00
Nairobi,29,-0.042075,51,88,1,48,88,2024-02-26T08:00:00+00:00
Nairobi,19,-0.0325125,36,66,1,34,66,2024-02-26T09:00:00+00:00
Nairobi,11,-0.0172125,20,46,1,19,46,2024-02-26T10:00:00+00:00
Nairobi,7.3,-0.02295,11,31,1,11,31,2024-02-26T11:00:00+00:00
Nairobi,7,-0.01587375,9.9,30,1,10,30,2024-02-26T12:00:00+00:00
Nairobi,6.9,-0.019125,9.2,29,1,9,29,2024-02-26T13:00:00+00:00
Nairobi,7.4,-0.0286875,10,31,1,10,31,2024-02-26T14:00:00+00:00
Nairobi,6.7,-0.019125,8.8,28,1,9,28,2024-02-26T15:00:00+00:00
Nairobi,9.9,0.0210375,19,42,1,18,42,2024-02-26T16:00:00+00:00
Nairobi,11,0.049725,25,46,1,24,46,2024-02-26T17:00:00+00:00
Nairobi,15,0.042075,36,58,1,34,58,2024-02-26T18:00:00+00:00
Nairobi,16,0.034425,39,60,1,37,60,2024-02-26T19:00:00+00:00
Nairobi,6.7,0.0325125,14,28,1,13,28,2024-02-26T20:00:00+00:00
Nairobi,7.3,0.0306,17,31,1,16,31,2024-02-26T21:00:00+00:00
Nairobi,12,0.0248625,29,50,1,27,50,2024-02-26T22:00:00+00:00
Nairobi,13,0.0248625,34,54,1,32,54,2024-02-26T23:00:00+00:00
Nairobi,21,0.0363375,50,71,1,47,71,2024-02-27T00:00:00+00:00
Nairobi,19,0.0286875,46,66,1,43,66,2024-02-27T01:00:00+00:00
Nairobi,21,0.0325125,51,71,1,48,71,2024-02-27T02:00:00+00:00
Nairobi,17,0.026775,42,62,1,39,62,2024-02-27T03:00:00+00:00
Nairobi,25,0.0286875,56,79,1,52,79,2024-02-27T04:00:00+00:00
Nairobi,27,0.0306,57,84,1,53,84,2024-02-27T05:00:00+00:00
Nairobi,16,0.0286875,38,60,1,36,60,2024-02-27T06:00:00+00:00
Nairobi,9.4,-0.00592875,20,40,1,19,40,2024-02-27T07:00:00+00:00
Nairobi,9.4,-0.042075,16,40,1,15,40,2024-02-27T08:00:00+00:00
Nairobi,11,-0.0401625,22,46,1,21,46,2024-02-27T09:00:00+00:00
Nairobi,16,-0.026775,32,60,1,30,60,2024-02-27T10:00:00+00:00
Nairobi,10,-0.019125,18,42,1,17,42,2024-02-27T11:00:00+00:00
Nairobi,8.7,-0.00898875,15,37,1,14,37,2024-02-27T12:00:00+00:00
Nairobi,8,0.01702125,14,34,1,13,34,2024-02-27T13:00:00+00:00
Nairobi,11,0.0363375,25,46,1,24,46,2024-02-27T15:00:00+00:00
Nairobi,22,0.05355,47,73,1,44,73,2024-02-27T16:00:00+00:00
Nairobi,31,0.0592875,59,92,1,54,92,2024-02-27T17:00:00+00:00
Nairobi,35,0.0554625,65,101,1,57,101,2024-02-27T18:00:00+00:00
Nairobi,55,0.0554625,88,150,1,68,150,2024-02-27T19:00:00+00:00
Nairobi,21,0.03825,46,71,1,43,71,2024-02-27T20:00:00+00:00
Nairobi,7.8,0.0363375,19,33,1,18,33,2024-02-27T21:00:00+00:00
Nairobi,5.7,0.03825,13,24,1,13,24,2024-02-27T22:00:00+00:00
Nairobi,11,0.0401625,33,46,1,31,46,2024-02-27T23:00:00+00:00
Nairobi,5.7,0.0401625,14,24,1,13,24,2024-02-28T00:00:00+00:00
Nairobi,6.2,0.0363375,16,26,1,15,26,2024-02-28T01:00:00+00:00
Nairobi,7.3,0.0306,20,31,1,19,31,2024-02-28T02:00:00+00:00
Nairobi,16,0.0325125,42,60,1,39,60,2024-02-28T03:00:00+00:00
Nairobi,24,0.03825,53,77,1,50,77,2024-02-28T04:00:00+00:00
Nairobi,19,0.042075,45,66,1,42,66,2024-02-28T05:00:00+00:00
Nairobi,16,0.0210375,36,60,1,34,60,2024-02-28T06:00:00+00:00
Nairobi,11,-0.0179775,23,46,1,22,46,2024-02-28T07:00:00+00:00
Nairobi,10,-0.034425,18,42,1,17,42,2024-02-28T08:00:00+00:00
Nairobi,9.9,-0.034425,17,42,1,16,42,2024-02-28T09:00:00+00:00
Nairobi,7.8,-0.0248625,12,33,1,12,33,2024-02-28T10:00:00+00:00
Nairobi,6.7,-0.019125,9,28,1,9,28,2024-02-28T11:00:00+00:00
Nairobi,6.8,-0.019125,9.6,29,1,9,29,2024-02-28T12:00:00+00:00
Nairobi,7.2,-0.01377,11,30,1,11,30,2024-02-28T13:00:00+00:00
Nairobi,7.6,-0.0065025,12,32,1,12,32,2024-02-28T14:00:00+00:00
Nairobi,7.4,-0.0065025,13,31,1,13,31,2024-02-28T15:00:00+00:00
Nairobi,9.3,0.009945,19,39,1,18,39,2024-02-28T16:00:00+00:00
Nairobi,10,0.026775,23,42,1,22,42,2024-02-28T17:00:00+00:00
Nairobi,6.6,0.0669375,16,28,1,15,28,2024-02-28T18:00:00+00:00
Nairobi,7.6,0.0612,19,32,1,18,32,2024-02-28T19:00:00+00:00
Nairobi,21,0.057375,45,71,1,42,71,2024-02-28T20:00:00+00:00
Nairobi,29,0.0478125,61,88,1,55,88,2024-02-28T21:00:00+00:00
Nairobi,29,0.0401625,61,88,1,55,88,2024-02-28T22:00:00+00:00
Nairobi,30,0.0363375,61,90,1,55,90,2024-02-28T23:00:00+00:00
Nairobi,29,0.03825,61,88,1,55,88,2024-02-29T00:00:00+00:00
Nairobi,,0,,0,0,0,0,
Nairobi,,0,,0,0,0,0,
Nairobi,,0,,0,0,0,0,
Nairobi,,0,,0,0,0,0,
Nairobi,,0,,0,0,0,0,
Nairobi,,0,,0,0,0,0,
Nairobi,,0,,0,0,0,0,
Nairobi,,0,,0,0,0,0,
Nairobi,,0,,0,0,0,0,
Nairobi,,0,,0,0,0,0,
Nairobi,,0,,0,0,0,0,
Nairobi,,0,,0,0,0,0,
Nairobi,,0,,0,0,0,0,
Nairobi,,0,,0,0,0,0,
Nairobi,,0,,0,0,0,0,
Nairobi,,0,,0,0,0,0,
Nairobi,,0,,0,0,0,0,
Nairobi,,0,,0,0,0,0,
Nairobi,,0,,0,0,0,0,
Nairobi,,0,,0,0,0,0,
Nairobi,,0,,0,0,0,0,
Nairobi,,0,,0,0,0,0,
Nairobi,,0,,0,0,0,0,
Nairobi,,0,,0,0,0,0,
Nairobi,,0,,0,0,0,0,
Nairobi,,0,,0,0,0,0,
Nairobi,,0,,0,0,0,0,
Nairobi,,0,,0,0,0,0,
Nairobi,,0,,0,0,0,0,
Nairobi,,0,,0,0,0,0,
Nairobi,,0,,0,0,0,0,
Nairobi,,0,,0,0,0,0,
Nairobi,,0,,0,0,0,0,
Nairobi,,0,,0,0,0,0,
Nairobi,,0,,0,0,0,0,
Nairobi,,0,,0,0,0,0,
Nairobi,,0,,0,0,0,0,
Nairobi,,0,,0,0,0,0,
Nairobi,,0,,0,0,0,0,
Nairobi,,0,,0,0,0,0,
Nairobi,,0,,0,0,0,0,
Nairobi,,0,,0,0,0,0,
Nairobi,,0,,0,0,0,0,
Nairobi,,0,,0,0,0,0,
Nairobi,,0,,0,0,0,0,
Nairobi,,0,,0,0,0,0,
Nairobi,,0,,0,0,0,0,
Nairobi,,0,,0,0,0,0,
Nairobi,,0,,0,0,0,0,
Nairobi,,0,,0,0,0,0,
Nairobi,,0,,0,0,0,0,
Nairobi,,0,,0,0,0,0,
Nairobi,,0,,0,0,0,0,
Nairobi,,0,,0,0,0,0,
Nairobi,,0,,0,0,0,0,
Nairobi,,0,,0,0,0,0,
Nairobi,,0,,0,0,0,0,
Nairobi,,0,,0,0,0,0,
Nairobi,,0,,0,0,0,0,
Nairobi,,0,,0,0,0,0,
Nairobi,,0,,0,0,0,0,
Nairobi,,0,,0,0,0,0,
Nairobi,,0,,0,0,0,0,
Nairobi,,0,,0,0,0,0,
Nairobi,,0,,0,0,0,0,
Nairobi,,0,,0,0,0,0,
Nairobi,,0,,0,0,0,0,
Nairobi,,0,,0,0,0,0,
Nairobi,,0,,0,0,0,0,
Nairobi,,0,,0,0,0,0,
Nairobi,,0,,0,0,0,0,
Nairobi,,0,,0,0,0,0,
Nairobi,,0,,0,0,0,0,
Nairobi,,0,,0,0,0,0,
Nairobi,,0,,0,0,0,0,
Nairobi,,0,,0,0,0,0,
Nairobi,,0,,0,0,0,0,
Nairobi,,0,,0,0,0,0,
Nairobi,,0,,0,0,0,0,
Nairobi,,0,,0,0,0,0,
Nairobi,,0,,0,0,0,0,
Nairobi,,0,,0,0,0,0,
Nairobi,,0,,0,0,0,0,
Nairobi,,0,,0,0,0,0,
Nairobi,,0,,0,0,0,0,
Nairobi,,0,,0,0,0,0,
Nairobi,,0,,0,0,0,0,
Nairobi,,0,,0,0,0,0,
Nairobi,,0,,0,0,0,0,
Nairobi,,0,,0,0,0,0,
Nairobi,,0,,0,0,0,0,
Nairobi,,0,,0,0,0,0,
Nairobi,,0,,0,0,0,0,
Nairobi,,0,,0,0,0,0,
Nairobi,,0,,0,0,0,0,
Nairobi,,0,,0,0,0,0,
Nairobi,,0,,0,0,0,0,
Nairobi,,0,,0,0,0,0,
Nairobi,,0,,0,0,0,0,
Nairobi,,0,,0,0,0,0,
Nairobi,,0,,0,0,0,0,
Nairobi,,0,,0,0,0,0,
Nairobi,,0,,0,0,0,0,
Nairobi,,0,,0,0,0,0,
Nairobi,,0,,0,0,0,0,
Nairobi,,0,,0,0,0,0,
Nairobi,,0,,0,0,0,0,
Nairobi,,0,,0,0,0,0,
Nairobi,,0,,0,0,0,0,
Nairobi,,0,,0,0,0,0,
Nairobi,,0,,0,0,0,0,
Nairobi,,0,,0,0,0,0,
Nairobi,,0,,0,0,0,0,
Nairobi,,0,,0,0,0,0,
Nairobi,,0,,0,0,0,0,
Nairobi,,0,,0,0,0,0,
Nairobi,,0,,0,0,0,0,
Nairobi,,0,,0,0,0,0,
Nairobi,,0,,0,0,0,0,
Nairobi,,0,,0,0,0,0,
Nairobi,,0,,0,0,0,0,
Nairobi,,0,,0,0,0,0,
Nairobi,,0,,0,0,0,0,
Nairobi,,0,,0,0,0,0,
Nairobi,,0,,0,0,0,0,
Nairobi,,0,,0,0,0,0,
Nairobi,,0,,0,0,0,0,
Nairobi,,0,,0,0,0,0,
Nairobi,,0,,0,0,0,0,
Nairobi,,0,,0,0,0,0,
Nairobi,,0,,0,0,0,0,
Nairobi,,0,,0,0,0,0,
Nairobi,,0,,0,0,0,0,
Nairobi,,0,,0,0,0,0,
Nairobi,,0,,0,0,0,0,
Nairobi,,0,,0,0,0,0,
Nairobi,,0,,0,0,0,0,
Nairobi,,0,,0,0,0,0,
Nairobi,,0,,0,0,0,0,
Nairobi,,0,,0,0,0,0,
Nairobi,,0,,0,0,0,0,
Nairobi,,0,,0,0,0,0,
Nairobi,,0,,0,0,0,0,
Nairobi,,0,,0,0,0,0,
Nairobi,,0,,0,0,0,0,
Nairobi,,0,,0,0,0,0,
Nairobi,,0,,0,0,0,0,
Nairobi,,0,,0,0,0,0,
Nairobi,,0,,0,0,0,0,
Nairobi,,0,,0,0,0,0,
Nairobi,,0,,0,0,0,0,
Nairobi,,0,,0,0,0,0,
Nairobi,,0,,0,0,0,0,
Nairobi,,0,,0,0,0,0,
Nairobi,,0,,0,0,0,0,
Nairobi,,0,,0,0,0,0,
Nairobi,,0,,0,0,0,0,
Nairobi,,0,,0,0,0,0,
Nairobi,,0,,0,0,0,0,
Nairobi,,0,,0,0,0,0,
Nairobi,,0,,0,0,0,0,
Nairobi,,0,,0,0,0,0,
Nairobi,,0,,0,0,0,0,
Nairobi,,0,,0,0,0,0,
Nairobi,,0,,0,0,0,0,
Nairobi,,0,,0,0,0,0,
Nairobi,,0,,0,0,0,0,
Nairobi,,0,,0,0,0,0,
Nairobi,,0,,0,0,0,0,
Nairobi,,0,,0,0,0,0,
Nairobi,,0,,0,0,0,0,
Nairobi,,0,,0,0,0,0,
Nairobi,,0,,0,0,0,0,
Nairobi,,0,,0,0,0,0,
Nairobi,,0,,0,0,0,0,
Nairobi,,0,,0,0,0,0,
Nairobi,,0,,0,0,0,0,
Nairobi,,0,,0,0,0,0,
Nairobi,,0,,0,0,0,0,
Nairobi,,0,,0,0,0,0,
Nairobi,,0,,0,0,0,0,
Nairobi,,0,,0,0,0,0,
Nairobi,,0,,0,0,0,0,
Nairobi,,0,,0,0,0,0,
Nairobi,,0,,0,0,0,0,
Nairobi,,0,,0,0,0,0,
Nairobi,,0,,0,0,0,0,
Nairobi,,0,,0,0,0,0,
Nairobi,,0,,0,0,0,0,
Nairobi,,0,,0,0,0,0,
Nairobi,,0,,0,0,0,0,
Nairobi,,0,,0,0,0,0,
Nairobi,,0,,0,0,0,0,
Nairobi,,0,,0,0,0,0,
Nairobi,,0,,0,0,0,0,
Nairobi,,0,,0,0,0,0,
Nairobi,,0,,0,0,0,0,
Nairobi,,0,,0,0,0,0,
Nairobi,,0,,0,0,0,0,
Nairobi,,0,,0,0,0,0,
Nairobi,,0,,0,0,0,0,
Nairobi,,0,,0,0,0,0,
Nairobi,,0,,0,0,0,0,
Nairobi,,0,,0,0,0,0,
Nairobi,,0,,0,0,0,0,
Nairobi,,0,,0,0,0,0,
Nairobi,,0,,0,0,0,0,
Nairobi,,0,,0,0,0,0,
Nairobi,,0,,0,0,0,0,
Nairobi,,0,,0,0,0,0,
Nairobi,,0,,0,0,0,0,
Nairobi,,0,,0,0,0,0,
Nairobi,,0,,0,0,0,0,
Nairobi,,0,,0,0,0,0,
Nairobi,,0,,0,0,0,0,
Nairobi,,0,,0,0,0,0,
Nairobi,,0,,0,0,0,0,
Nairobi,,0,,0,0,0,0,
Nairobi,,0,,0,0,0,0,
Nairobi,,0,,0,0,0,0,
Nairobi,,0,,0,0,0,0,
Nairobi,,0,,0,0,0,0,
Nairobi,,0,,0,0,0,0,
Nairobi,,0,,0,0,0,0,
Nairobi,,0,,0,0,0,0,
Nairobi,,0,,0,0,0,0,
Nairobi,,0,,0,0,0,0,
Nairobi,,0,,0,0,0,0,
Nairobi,,0,,0,0,0,0,
Nairobi,,0,,0,0,0,0,
Nairobi,,0,,0,0,0,0,
Nairobi,,0,,0,0,0,0,
Nairobi,,0,,0,0,0,0,
Nairobi,,0,,0,0,0,0,
Nairobi,,0,,0,0,0,0,
Nairobi,,0,,0,0,0,0,
Nairobi,,0,,0,0,0,0,
Nairobi,,0,,0,0,0,0,
Nairobi,,0,,0,0,0,0,
Nairobi,,0,,0,0,0,0,
Nairobi,,0,,0,0,0,0,
Nairobi,,0,,0,0,0,0,
Nairobi,,0,,0,0,0,0,
Nairobi,,0,,0,0,0,0,
Nairobi,,0,,0,0,0,0,
Nairobi,,0,,0,0,0,0,
Nairobi,,0,,0,0,0,0,
Nairobi,,0,,0,0,0,0,
Nairobi,,0,,0,0,0,0,
Nairobi,,0,,0,0,0,0,
Nairobi,,0,,0,0,0,0,
Nairobi,,0,,0,0,0,0,
Nairobi,,0,,0,0,0,0,
Nairobi,,0,,0,0,0,0,
Nairobi,,0,,0,0,0,0,
Nairobi,,0,,0,0,0,0,
Nairobi,,0,,0,0,0,0,
Nairobi,,0,,0,0,0,0,
Nairobi,,0,,0,0,0,0,
Nairobi,,0,,0,0,0,0,
Nairobi,,0,,0,0,0,0,
Nairobi,,0,,0,0,0,0,
Nairobi,,0,,0,0,0,0,
Nairobi,,0,,0,0,0,0,
Nairobi,,0,,0,0,0,0,
Nairobi,,0,,0,0,0,0,
Nairobi,,0,,0,0,0,0,
Nairobi,,0,,0,0,0,0,
Nairobi,,0,,0,0,0,0,
Nairobi,,0,,0,0,0,0,
Nairobi,,0,,0,0,0,0,
Nairobi,,0,,0,0,0,0,
Nairobi,,0,,0,0,0,0,
Nairobi,,0,,0,0,0,0,
Nairobi,,0,,0,0,0,0,
Nairobi,,0,,0,0,0,0,
Nairobi,,0,,0,0,0,0,
Nairobi,,0,,0,0,0,0,
Nairobi,,0,,0,0,0,0,
Nairobi,,0,,0,0,0,0,
Nairobi,,0,,0,0,0,0,
Nairobi,,0,,0,0,0,0,
Nairobi,,0,,0,0,0,0,
Nairobi,,0,,0,0,0,0,
Nairobi,,0,,0,0,0,0,
Nairobi,,0,,0,0,0,0,
Nairobi,,0,,0,0,0,0,
Nairobi,,0,,0,0,0,0,
Nairobi,,0,,0,0,0,0,
Nairobi,,0,,0,0,0,0,
Nairobi,,0,,0,0,0,0,
Nairobi,,0,,0,0,0,0,
Nairobi,,0,,0,0,0,0,
Nairobi,,0,,0,0,0,0,
Nairobi,,0,,0,0,0,0,
Nairobi,,0,,0,0,0,0,
Nairobi,,0,,0,0,0,0,
Nairobi,,0,,0,0,0,0,
Nairobi,,0,,0,0,0,0,
Nairobi,,0,,0,0,0,0,
Nairobi,,0,,0,0,0,0,
Nairobi,,0,,0,0,0,0,
Nairobi,,0,,0,0,0,0,
Nairobi,,0,,0,0,0,0,
Nairobi,,0,,0,0,0,0,
Nairobi,,0,,0,0,0,0,
Nairobi,,0,,0,0,0,0,
Nairobi,,0,,0,0,0,0,
Nairobi,,0,,0,0,0,0,
Nairobi,,0,,0,0,0,0,
Nairobi,,0,,0,0,0,0,
Nairobi,,0,,0,0,0,0,
Nairobi,,0,,0,0,0,0,
Nairobi,,0,,0,0,0,0,
Nairobi,,0,,0,0,0,0,
Nairobi,,0,,0,0,0,0,
Nairobi,,0,,0,0,0,0,
Nairobi,,0,,0,0,0,0,
Nairobi,,0,,0,0,0,0,
Nairobi,,0,,0,0,0,0,
Nairobi,,0,,0,0,0,0,
Nairobi,,0,,0,0,0,0,
Nairobi,,0,,0,0,0,0,
Nairobi,,0,,0,0,0,0,
Nairobi,,0,,0,0,0,0,
Nairobi,,0,,0,0,0,0,
Nairobi,,0,,0,0,0,0,
Nairobi,,0,,0,0,0,0,
Nairobi,,0,,0,0,0,0,
Nairobi,,0,,0,0,0,0,
Nairobi,,0,,0,0,0,0,
Nairobi,,0,,0,0,0,0,
Nairobi,,0,,0,0,0,0,
Nairobi,,0,,0,0,0,0,
Nairobi,,0,,0,0,0,0,
Nairobi,,0,,0,0,0,0,
Nairobi,,0,,0,0,0,0,
Nairobi,,0,,0,0,0,0,
Nairobi,,0,,0,0,0,0,
Nairobi,,0,,0,0,0,0,
Nairobi,,0,,0,0,0,0,
Nairobi,,0,,0,0,0,0,
Nairobi,,0,,0,0,0,0,
Nairobi,,0,,0,0,0,0,
Nairobi,,0,,0,0,0,0,
Nairobi,,0,,0,0,0,0,
Nairobi,,0,,0,0,0,0,
Nairobi,,0,,0,0,0,0,
Nairobi,,0,,0,0,0,0,
Nairobi,,0,,0,0,0,0,
Nairobi,,0,,0,0,0,0,
Nairobi,,0,,0,0,0,0,
Nairobi,,0,,0,0,0,0,
Nairobi,,0,,0,0,0,0,
Nairobi,,0,,0,0,0,0,
Nairobi,,0,,0,0,0,0,
Nairobi,,0,,0,0,0,0,
Nairobi,,0,,0,0,0,0,
Nairobi,,0,,0,0,0,0,
Nairobi,,0,,0,0,0,0,
Nairobi,,0,,0,0,0,0,
Nairobi,,0,,0,0,0,0,
Nairobi,,0,,0,0,0,0,
Nairobi,,0,,0,0,0,0,
Nairobi,,0,,0,0,0,0,
Nairobi,,0,,0,0,0,0,
Nairobi,,0,,0,0,0,0,
Nairobi,,0,,0,0,0,0,
Nairobi,,0,,0,0,0,0,
Nairobi,,0,,0,0,0,0,
Nairobi,,0,,0,0,0,0,
Nairobi,,0,,0,0,0,0,
Nairobi,,0,,0,0,0,0,
Nairobi,,0,,0,0,0,0,
Nairobi,,0,,0,0,0,0,
Nairobi,,0,,0,0,0,0,
Nairobi,,0,,0,0,0,0,
Nairobi,,0,,0,0,0,0,
Nairobi,,0,,0,0,0,0,
Nairobi,,0,,0,0,0,0,
Nairobi,,0,,0,0,0,0,
Nairobi,,0,,0,0,0,0,
Nairobi,,0,,0,0,0,0,
Nairobi,,0,,0,0,0,0,
Nairobi,,0,,0,0,0,0,
Nairobi,,0,,0,0,0,0,
Nairobi,,0,,0,0,0,0,
Nairobi,,0,,0,0,0,0,
Nairobi,,0,,0,0,0,0,
Nairobi,,0,,0,0,0,0,
Nairobi,,0,,0,0,0,0,
Nairobi,,0,,0,0,0,0,
Nairobi,,0,,0,0,0,0,
Nairobi,,0,,0,0,0,0,
Nairobi,,0,,0,0,0,0,
Nairobi,,0,,0,0,0,0,
Nairobi,,0,,0,0,0,0,
Nairobi,,0,,0,0,0,0,
Nairobi,,0,,0,0,0,0,
Nairobi,,0,,0,0,0,0,
Nairobi,,0,,0,0,0,0,
Nairobi,,0,,0,0,0,0,
Nairobi,,0,,0,0,0,0,
Nairobi,,0,,0,0,0,0,
Nairobi,,0,,0,0,0,0,
Nairobi,,0,,0,0,0,0,
Nairobi,,0,,0,0,0,0,
Nairobi,,0,,0,0,0,0,
Nairobi,,0,,0,0,0,0,
Nairobi,,0,,0,0,0,0,
Nairobi,,0,,0,0,0,0,
Nairobi,,0,,0,0,0,0,
Nairobi,,0,,0,0,0,0,
Nairobi,,0,,0,0,0,0,
Nairobi,,0,,0,0,0,0,
Nairobi,,0,,0,0,0,0,
Nairobi,,0,,0,0,0,0,
Nairobi,,0,,0,0,0,0,
Nairobi,,0,,0,0,0,0,
Nairobi,,0,,0,0,0,0,
Nairobi,,0,,0,0,0,0,
Nairobi,,0,,0,0,0,0,
Nairobi,,0,,0,0,0,0,
Nairobi,,0,,0,0,0,0,
Nairobi,,0,,0,0,0,0,
Nairobi,,0,,0,0,0,0,
Nairobi,,0,,0,0,0,0,
Nairobi,,0,,0,0,0,0,
Nairobi,,0,,0,0,0,0,
Nairobi,,0,,0,0,0,0,
Nairobi,,0,,0,0,0,0,
Nairobi,,0,,0,0,0,0,
Nairobi,,0,,0,0,0,0,
Nairobi,,0,,0,0,0,0,
Nairobi,,0,,0,0,0,0,
Nairobi,,0,,0,0,0,0,
Nairobi,,0,,0,0,0,0,
Nairobi,,0,,0,0,0,0,
Nairobi,,0,,0,0,0,0,
Nairobi,,0,,0,0,0,0,
Nairobi,,0,,0,0,0,0,
Nairobi,,0,,0,0,0,0,
Nairobi,,0,,0,0,0,0,
Nairobi,,0,,0,0,0,0,
Nairobi,,0,,0,0,0,0,
Nairobi,,0,,0,0,0,0,
Nairobi,,0,,0,0,0,0,
Nairobi,,0,,0,0,0,0,
Nairobi,,0,,0,0,0,0,
Nairobi,,0,,0,0,0,0,
Nairobi,,0,,0,0,0,0,
Nairobi,,0,,0,0,0,0,
Nairobi,,0,,0,0,0,0,
Nairobi,,0,,0,0,0,0,
Nairobi,,0,,0,0,0,0,
Nairobi,,0,,0,0,0,0,
Nairobi,,0,,0,0,0,0,
Nairobi,,0,,0,0,0,0,
Nairobi,,0,,0,0,0,0,
Nairobi,,0,,0,0,0,0,
Nairobi,,0,,0,0,0,0,
Nairobi,,0,,0,0,0,0,
Nairobi,,0,,0,0,0,0,
Nairobi,,0,,0,0,0,0,
Nairobi,,0,,0,0,0,0,
Nairobi,,0,,0,0,0,0,
Nairobi,,0,,0,0,0,0,
Nairobi,,0,,0,0,0,0,
Nairobi,,0,,0,0,0,0,
Nairobi,,0,,0,0,0,0,
Nairobi,,0,,0,0,0,0,
Nairobi,,0,,0,0,0,0,
Nairobi,,0,,0,0,0,0,
Nairobi,,0,,0,0,0,0,
Nairobi,,0,,0,0,0,0,
Nairobi,,0,,0,0,0,0,
Nairobi,,0,,0,0,0,0,
Nairobi,,0,,0,0,0,0,
Nairobi,,0,,0,0,0,0,
Nairobi,,0,,0,0,0,0,
Nairobi,,0,,0,0,0,0,
Nairobi,,0,,0,0,0,0,
Nairobi,,0,,0,0,0,0,
Nairobi,,0,,0,0,0,0,
Nairobi,,0,,0,0,0,0,
Nairobi,,0,,0,0,0,0,
Nairobi,,0,,0,0,0,0,
Nairobi,,0,,0,0,0,0,
Nairobi,,0,,0,0,0,0,
Nairobi,,0,,0,0,0,0,
Nairobi,,0,,0,0,0,0,
Nairobi,,0,,0,0,0,0,
Nairobi,,0,,0,0,0,0,
Nairobi,,0,,0,0,0,0,
Nairobi,,0,,0,0,0,0,
Nairobi,,0,,0,0,0,0,
Nairobi,,0,,0,0,0,0,
Nairobi,,0,,0,0,0,0,
Nairobi,,0,,0,0,0,0,
Nairobi,,0,,0,0,0,0,
Nairobi,,0,,0,0,0,0,
Nairobi,,0,,0,0,0,0,
Nairobi,,0,,0,0,0,0,
Nairobi,,0,,0,0,0,0,
Nairobi,,0,,0,0,0,0,
Nairobi,,0,,0,0,0,0,
Nairobi,,0,,0,0,0,0,
Nairobi,,0,,0,0,0,0,
Nairobi,,0,,0,0,0,0,
Nairobi,,0,,0,0,0,0,
Nairobi,,0,,0,0,0,0,
Nairobi,,0,,0,0,0,0,
Nairobi,,0,,0,0,0,0,
Nairobi,,0,,0,0,0,0,
Nairobi,,0,,0,0,0,0,
Nairobi,,0,,0,0,0,0,
Nairobi,,0,,0,0,0,0,
Nairobi,,0,,0,0,0,0,
Nairobi,,0,,0,0,0,0,
Nairobi,,0,,0,0,0,0,
Nairobi,,0,,0,0,0,0,
Nairobi,,0,,0,0,0,0,
Nairobi,,0,,0,0,0,0,
Nairobi,,0,,0,0,0,0,
Nairobi,,0,,0,0,0,0,
Nairobi,,0,,0,0,0,0,
Nairobi,,0,,0,0,0,0,
Nairobi,,0,,0,0,0,0,
Nairobi,,0,,0,0,0,0,
Nairobi,,0,,0,0,0,0,
Nairobi,,0,,0,0,0,0,
Nairobi,,0,,0,0,0,0,
Nairobi,,0,,0,0,0,0,
Nairobi,,0,,0,0,0,0,
Nairobi,,0,,0,0,0,0,
Nairobi,,0,,0,0,0,0,
Nairobi,,0,,0,0,0,0,
Nairobi,,0,,0,0,0,0,
Nairobi,,0,,0,0,0,0,
Nairobi,,0,,0,0,0,0,
Nairobi,,0,,0,0,0,0,
Nairobi,,0,,0,0,0,0,
Nairobi,,0,,0,0,0,0,
Nairobi,,0,,0,0,0,0,
Nairobi,,0,,0,0,0,0,
Nairobi,,0,,0,0,0,0,
Nairobi,,0,,0,0,0,0,
Nairobi,,0,,0,0,0,0,
Nairobi,,0,,0,0,0,0,
Nairobi,,0,,0,0,0,0,
Nairobi,,0,,0,0,0,0,
Nairobi,,0,,0,0,0,0,
Nairobi,,0,,0,0,0,0,
Nairobi,,0,,0,0,0,0,
Nairobi,,0,,0,0,0,0,
Nairobi,,0,,0,0,0,0,
Nairobi,,0,,0,0,0,0,
Nairobi,,0,,0,0,0,0,
Nairobi,,0,,0,0,0,0,
Nairobi,,0,,0,0,0,0,
Nairobi,,0,,0,0,0,0,
Nairobi,,0,,0,0,0,0,
Nairobi,,0,,0,0,0,0,
Nairobi,,0,,0,0,0,0,
Nairobi,,0,,0,0,0,0,
Nairobi,,0,,0,0,0,0,
Nairobi,,0,,0,0,0,0,
Nairobi,,0,,0,0,0,0,
Nairobi,,0,,0,0,0,0,
Nairobi,,0,,0,0,0,0,
Nairobi,,0,,0,0,0,0,
Nairobi,,0,,0,0,0,0,
Nairobi,,0,,0,0,0,0,
Nairobi,,0,,0,0,0,0,
Nairobi,,0,,0,0,0,0,
Nairobi,,0,,0,0,0,0,
Nairobi,,0,,0,0,0,0,
Nairobi,,0,,0,0,0,0,
Nairobi,,0,,0,0,0,0,
Nairobi,,0,,0,0,0,0,
Nairobi,,0,,0,0,0,0,
Nairobi,,0,,0,0,0,0,
Nairobi,,0,,0,0,0,0,
Nairobi,,0,,0,0,0,0,
Nairobi,,0,,0,0,0,0,
Nairobi,,0,,0,0,0,0,
Nairobi,,0,,0,0,0,0,
Nairobi,,0,,0,0,0,0,
Nairobi,,0,,0,0,0,0,
Nairobi,,0,,0,0,0,0,
Nairobi,,0,,0,0,0,0,
Nairobi,,0,,0,0,0,0,
Nairobi,,0,,0,0,0,0,
Nairobi,,0,,0,0,0,0,
Nairobi,,0,,0,0,0,0,
Nairobi,,0,,0,0,0,0,
Nairobi,,0,,0,0,0,0,
Nairobi,,0,,0,0,0,0,
Nairobi,,0,,0,0,0,0,
Nairobi,,0,,0,0,0,0,
Nairobi,,0,,0,0,0,0,
Nairobi,,0,,0,0,0,0,
Nairobi,,0,,0,0,0,0,
Nairobi,,0,,0,0,0,0,
Nairobi,,0,,0,0,0,0,
Nairobi,,0,,0,0,0,0,
Nairobi,,0,,0,0,0,0,
Nairobi,,0,,0,0,0,0,
Nairobi,,0,,0,0,0,0,
Nairobi,,0,,0,0,0,0,
Nairobi,,0,,0,0,0,0,
Nairobi,,0,,0,0,0,0,
Nairobi,,0,,0,0,0,0,
Nairobi,,0,,0,0,0,0,
Nairobi,,0,,0,0,0,0,
Nairobi,,0,,0,0,0,0,
Nairobi,,0,,0,0,0,0,
Nairobi,,0,,0,0,0,0,
Nairobi,,0,,0,0,0,0,
Nairobi,,0,,0,0,0,0,
Nairobi,,0,,0,0,0,0,
Nairobi,,0,,0,0,0,0,
Nairobi,,0,,0,0,0,0,
Nairobi,,0,,0,0,0,0,
Nairobi,,0,,0,0,0,0,
Nairobi,,0,,0,0,0,0,
Nairobi,,0,,0,0,0,0,
Nairobi,,0,,0,0,0,0,
Nairobi,,0,,0,0,0,0,
Nairobi,,0,,0,0,0,0,
Nairobi,,0,,0,0,0,0,
Nairobi,,0,,0,0,0,0,
Nairobi,,0,,0,0,0,0,
Nairobi,,0,,0,0,0,0,
Nairobi,,0,,0,0,0,0,
Nairobi,,0,,0,0,0,0,
Nairobi,,0,,0,0,0,0,
Nairobi,,0,,0,0,0,0,
Nairobi,,0,,0,0,0,0,
Nairobi,,0,,0,0,0,0,
Nairobi,,0,,0,0,0,0,
Nairobi,,0,,0,0,0,0,
Nairobi,,0,,0,0,0,0,
Nairobi,,0,,0,0,0,0,
Nairobi,,0,,0,0,0,0,
Nairobi,,0,,0,0,0,0,
Nairobi,,0,,0,0,0,0,
Nairobi,,0,,0,0,0,0,
Nairobi,,0,,0,0,0,0,
Nairobi,,0,,0,0,0,0,
Nairobi,,0,,0,0,0,0,
Nairobi,,0,,0,0,0,0,
Nairobi,,0,,0,0,0,0,
Nairobi,,0,,0,0,0,0,
Nairobi,,0,,0,0,0,0,
Nairobi,,0,,0,0,0,0,
Nairobi,,0,,0,0,0,0,
Nairobi,,0,,0,0,0,0,
Nairobi,,0,,0,0,0,0,
Nairobi,,0,,0,0,0,0,
Nairobi,,0,,0,0,0,0,
Nairobi,,0,,0,0,0,0,
Nairobi,,0,,0,0,0,0,
Nairobi,,0,,0,0,0,0,
Nairobi,,0,,0,0,0,0,
Nairobi,,0,,0,0,0,0,
Nairobi,,0,,0,0,0,0,
Nairobi,,0,,0,0,0,0,
Nairobi,,0,,0,0,0,0,
Nairobi,,0,,0,0,0,0,
Nairobi,,0,,0,0,0,0,
Nairobi,,0,,0,0,0,0,
Nairobi,,0,,0,0,0,0,
Nairobi,,0,,0,0,0,0,
Nairobi,,0,,0,0,0,0,
Nairobi,,0,,0,0,0,0,
Nairobi,,0,,0,0,0,0,
Nairobi,,0,,0,0,0,0,
Nairobi,,0,,0,0,0,0,
Nairobi,,0,,0,0,0,0,
Nairobi,,0,,0,0,0,0,
Nairobi,,0,,0,0,0,0,
Nairobi,,0,,0,0,0,0,
Nairobi,,0,,0,0,0,0,
Nairobi,,0,,0,0,0,0,
Nairobi,,0,,0,0,0,0,
Nairobi,,0,,0,0,0,0,
Nairobi,,0,,0,0,0,0,
Nairobi,,0,,0,0,0,0,
Nairobi,,0,,0,0,0,0,
Nairobi,,0,,0,0,0,0,
Nairobi,,0,,0,0,0,0,
Nairobi,,0,,0,0,0,0,
Nairobi,,0,,0,0,0,0,
Nairobi,,0,,0,0,0,0,
Nairobi,,0,,0,0,0,0,
Nairobi,,0,,0,0,0,0,
Nairobi,,0,,0,0,0,0,
Nairobi,,0,,0,0,0,0,
Nairobi,,0,,0,0,0,0,
Nairobi,,0,,0,0,0,0,
Nairobi,,0,,0,0,0,0,
Nairobi,,0,,0,0,0,0,
Nairobi,,0,,0,0,0,0,
Nairobi,,0,,0,0,0,0,
Nairobi,,0,,0,0,0,0,
Nairobi,,0,,0,0,0,0,
Nairobi,,0,,0,0,0,0,
Nairobi,,0,,0,0,0,0,
Nairobi,,0,,0,0,0,0,
Nairobi,,0,,0,0,0,0,
Nairobi,,0,,0,0,0,0,
Nairobi,,0,,0,0,0,0,
Nairobi,,0,,0,0,0,0,
Nairobi,,0,,0,0,0,0,
Nairobi,,0,,0,0,0,0,
Nairobi,,0,,0,0,0,0,
Nairobi,,0,,0,0,0,0,
Nairobi,,0,,0,0,0,0,
Nairobi,,0,,0,0,0,0,
Nairobi,,0,,0,0,0,0,
Nairobi,,0,,0,0,0,0,
Nairobi,,0,,0,0,0,0,
Nairobi,,0,,0,0,0,0,
Nairobi,,0,,0,0,0,0,
Nairobi,,0,,0,0,0,0,
Nairobi,,0,,0,0,0,0,
Nairobi,,0,,0,0,0,0,
Nairobi,,0,,0,0,0,0,
Nairobi,,0,,0,0,0,0,
Nairobi,,0,,0,0,0,0,
Nairobi,,0,,0,0,0,0,
Nairobi,,0,,0,0,0,0,
Nairobi,,0,,0,0,0,0,
Nairobi,,0,,0,0,0,0,
Nairobi,,0,,0,0,0,0,
Nairobi,,0,,0,0,0,0,
Nairobi,,0,,0,0,0,0,
Nairobi,,0,,0,0,0,0,
Nairobi,,0,,0,0,0,0,
Nairobi,,0,,0,0,0,0,
Nairobi,,0,,0,0,0,0,
Nairobi,,0,,0,0,0,0,
Nairobi,,0,,0,0,0,0,
Nairobi,,0,,0,0,0,0,
Nairobi,,0,,0,0,0,0,
Nairobi,,0,,0,0,0,0,
Nairobi,,0,,0,0,0,0,
Nairobi,,0,,0,0,0,0,
Nairobi,,0,,0,0,0,0,
Nairobi,,0,,0,0,0,0,
Nairobi,,0,,0,0,0,0,
Nairobi,,0,,0,0,0,0,
Nairobi,,0,,0,0,0,0,
Nairobi,,0,,0,0,0,0,
Nairobi,,0,,0,0,0,0,
Nairobi,,0,,0,0,0,0,
Nairobi,,0,,0,0,0,0,
Nairobi,,0,,0,0,0,0,
Nairobi,,0,,0,0,0,0,
Nairobi,,0,,0,0,0,0,
Nairobi,,0,,0,0,0,0,
Nairobi,,0,,0,0,0,0,
Nairobi,,0,,0,0,0,0,
Nairobi,,0,,0,0,0,0,
Nairobi,,0,,0,0,0,0,
Nairobi,,0,,0,0,0,0,
Nairobi,,0,,0,0,0,0,
Nairobi,,0,,0,0,0,0,
Nairobi,,0,,0,0,0,0,
Nairobi,,0,,0,0,0,0,
Nairobi,,0,,0,0,0,0,
Nairobi,,0,,0,0,0,0,
Nairobi,,0,,0,0,0,0,
Nairobi,,0,,0,0,0,0,
Nairobi,,0,,0,0,0,0,
Nairobi,,0,,0,0,0,0,
Nairobi,,0,,0,0,0,0,
Nairobi,,0,,0,0,0,0,
Nairobi,,0,,0,0,0,0,
Nairobi,,0,,0,0,0,0,
Nairobi,,0,,0,0,0,0,
Nairobi,,0,,0,0,0,0,
Nairobi,,0,,0,0,0,0,
Nairobi,,0,,0,0,0,0,
Nairobi,,0,,0,0,0,0,
Nairobi,,0,,0,0,0,0,
Nairobi,,0,,0,0,0,0,
Nairobi,,0,,0,0,0,0,
Nairobi,,0,,0,0,0,0,
Nairobi,,0,,0,0,0,0,
Nairobi,,0,,0,0,0,0,
Nairobi,,0,,0,0,0,0,
Nairobi,,0,,0,0,0,0,
Nairobi,,0,,0,0,0,0,
Nairobi,,0,,0,0,0,0,
Nairobi,,0,,0,0,0,0,
Nairobi,,0,,0,0,0,0,
Nairobi,,0,,0,0,0,0,
Nairobi,,0,,0,0,0,0,
Nairobi,,0,,0,0,0,0,
Nairobi,,0,,0,0,0,0,
Nairobi,,0,,0,0,0,0,
Nairobi,,0,,0,0,0,0,
Nairobi,,0,,0,0,0,0,
Nairobi,,0,,0,0,0,0,
Nairobi,,0,,0,0,0,0,
Nairobi,,0,,0,0,0,0,
Nairobi,,0,,0,0,0,0,
Nairobi,,0,,0,0,0,0,
Nairobi,,0,,0,0,0,0,
Nairobi,,0,,0,0,0,0,
Nairobi,,0,,0,0,0,0,
Nairobi,,0,,0,0,0,0,
Nairobi,,0,,0,0,0,0,
Nairobi,,0,,0,0,0,0,
Nairobi,,0,,0,0,0,0,
Nairobi,,0,,0,0,0,0,
Nairobi,,0,,0,0,0,0,
Nairobi,,0,,0,0,0,0,
Nairobi,,0,,0,0,0,0,
Nairobi,,0,,0,0,0,0,
Nairobi,,0,,0,0,0,0,
Nairobi,,0,,0,0,0,0,
Nairobi,,0,,0,0,0,0,
Nairobi,,0,,0,0,0,0,
Nairobi,,0,,0,0,0,0,
Nairobi,,0,,0,0,0,0,
Nairobi,,0,,0,0,0,0,
Nairobi,,0,,0,0,0,0,
Nairobi,,0,,0,0,0,0,
Nairobi,,0,,0,0,0,0,
Nairobi,,0,,0,0,0,0,
Nairobi,,0,,0,0,0,0,
Nairobi,,0,,0,0,0,0,
Nairobi,,0,,0,0,0,0,
Nairobi,,0,,0,0,0,0,
Nairobi,,0,,0,0,0,0,
Nairobi,,0,,0,0,0,0,
Nairobi,,0,,0,0,0,0,
Nairobi,,0,,0,0,0,0,
Nairobi,,0,,0,0,0,0,
Nairobi,,0,,0,0,0,0,
Nairobi,,0,,0,0,0,0,
Nairobi,,0,,0,0,0,0,
Nairobi,,0,,0,0,0,0,
Nairobi,,0,,0,0,0,0,
Nairobi,,0,,0,0,0,0,
Nairobi,,0,,0,0,0,0,
Nairobi,,0,,0,0,0,0,
Nairobi,,0,,0,0,0,0,
Nairobi,,0,,0,0,0,0,
Nairobi,,0,,0,0,0,0,
Nairobi,,0,,0,0,0,0,
Nairobi,,0,,0,0,0,0,
Nairobi,,0,,0,0,0,0,
Nairobi,,0,,0,0,0,0,
Nairobi,,0,,0,0,0,0,
Nairobi,,0,,0,0,0,0,
Nairobi,,0,,0,0,0,0,
Nairobi,,0,,0,0,0,0,
Nairobi,,0,,0,0,0,0,
Nairobi,,0,,0,0,0,0,
Nairobi,,0,,0,0,0,0,
Nairobi,,0,,0,0,0,0,
Nairobi,,0,,0,0,0,0,
Nairobi,,0,,0,0,0,0,
Nairobi,,0,,0,0,0,0,
Nairobi,,0,,0,0,0,0,
Nairobi,,0,,0,0,0,0,
Nairobi,,0,,0,0,0,0,
Nairobi,,0,,0,0,0,0,
Nairobi,,0,,0,0,0,0,
Nairobi,,0,,0,0,0,0,
Nairobi,,0,,0,0,0,0,
Nairobi,,0,,0,0,0,0,
Nairobi,,0,,0,0,0,0,
Nairobi,,0,,0,0,0,0,
Nairobi,,0,,0,0,0,0,
Nairobi,,0,,0,0,0,0,
Nairobi,,0,,0,0,0,0,
Nairobi,,0,,0,0,0,0,
Nairobi,,0,,0,0,0,0,
Nairobi,,0,,0,0,0,0,
Nairobi,,0,,0,0,0,0,
Nairobi,,0,,0,0,0,0,
Nairobi,,0,,0,0,0,0,
Nairobi,,0,,0,0,0,0,
Nairobi,,0,,0,0,0,0,
Nairobi,,0,,0,0,0,0,
Nairobi,,0,,0,0,0,0,
Nairobi,,0,,0,0,0,0,
Nairobi,,0,,0,0,0,0,
Nairobi,,0,,0,0,0,0,
Nairobi,,0,,0,0,0,0,
Nairobi,,0,,0,0,0,0,
Nairobi,,0,,0,0,0,0,
Nairobi,,0,,0,0,0,0,
Nairobi,,0,,0,0,0,0,
Nairobi,,0,,0,0,0,0,
Nairobi,,0,,0,0,0,0,
Nairobi,,0,,0,0,0,0,
Nairobi,,0,,0,0,0,0,
Nairobi,,0,,0,0,0,0,
Nairobi,,0,,0,0,0,0,
Nairobi,,0,,0,0,0,0,
Nairobi,,0,,0,0,0,0,
Nairobi,,0,,0,0,0,0,
Nairobi,,0,,0,0,0,0,
Nairobi,,0,,0,0,0,0,
Nairobi,,0,,0,0,0,0,
Nairobi,,0,,0,0,0,0,
Nairobi,,0,,0,0,0,0,
Nairobi,,0,,0,0,0,0,
Nairobi,,0,,0,0,0,0,
Nairobi,,0,,0,0,0,0,
Nairobi,,0,,0,0,0,0,
Nairobi,,0,,0,0,0,0,
Nairobi,,0,,0,0,0,0,
Nairobi,,0,,0,0,0,0,
Nairobi,,0,,0,0,0,0,
Nairobi,,0,,0,0,0,0,
Nairobi,,0,,0,0,0,0,
Nairobi,,0,,0,0,0,0,
Nairobi,,0,,0,0,0,0,
Nairobi,,0,,0,0,0,0,
Nairobi,,0,,0,0,0,0,
Nairobi,,0,,0,0,0,0,
Nairobi,,0,,0,0,0,0,
Nairobi,,0,,0,0,0,0,
Nairobi,,0,,0,0,0,0,
Nairobi,,0,,0,0,0,0,
Nairobi,,0,,0,0,0,0,
Nairobi,,0,,0,0,0,0,
Nairobi,,0,,0,0,0,0,
Nairobi,,0,,0,0,0,0,
Nairobi,,0,,0,0,0,0,
Nairobi,,0,,0,0,0,0,
Nairobi,,0,,0,0,0,0,
Nairobi,,0,,0,0,0,0,
Nairobi,,0,,0,0,0,0,
Nairobi,,0,,0,0,0,0,
Nairobi,,0,,0,0,0,0,
Nairobi,,0,,0,0,0,0,
Nairobi,,0,,0,0,0,0,
Nairobi,,0,,0,0,0,0,
Nairobi,,0,,0,0,0,0,
Nairobi,,0,,0,0,0,0,
Nairobi,,0,,0,0,0,0,
Nairobi,,0,,0,0,0,0,
Nairobi,,0,,0,0,0,0,
Nairobi,,0,,0,0,0,0,
Nairobi,,0,,0,0,0,0,
Nairobi,,0,,0,0,0,0,
Nairobi,,0,,0,0,0,0,
Nairobi,,0,,0,0,0,0,
Nairobi,,0,,0,0,0,0,
Nairobi,,0,,0,0,0,0,
Nairobi,,0,,0,0,0,0,
Nairobi,,0,,0,0,0,0,
Nairobi,,0,,0,0,0,0,
Nairobi,,0,,0,0,0,0,
Nairobi,,0,,0,0,0,0,
Nairobi,,0,,0,0,0,0,
Nairobi,,0,,0,0,0,0,
Nairobi,,0,,0,0,0,0,
Nairobi,,0,,0,0,0,0,
Nairobi,,0,,0,0,0,0,
Nairobi,,0,,0,0,0,0,
Nairobi,,0,,0,0,0,0,
Nairobi,,0,,0,0,0,0,
Nairobi,,0,,0,0,0,0,
Nairobi,,0,,0,0,0,0,
Nairobi,,0,,0,0,0,0,
Nairobi,,0,,0,0,0,0,
Nairobi,,0,,0,0,0,0,
Nairobi,,0,,0,0,0,0,
Nairobi,,0,,0,0,0,0,
Nairobi,,0,,0,0,0,0,
Nairobi,,0,,0,0,0,0,
Nairobi,,0,,0,0,0,0,
Nairobi,,0,,0,0,0,0,
Nairobi,,0,,0,0,0,0,
Nairobi,,0,,0,0,0,0,
Nairobi,,0,,0,0,0,0,
Nairobi,,0,,0,0,0,0,
Nairobi,,0,,0,0,0,0,
Nairobi,,0,,0,0,0,0,
Nairobi,,0,,0,0,0,0,
Nairobi,,0,,0,0,0,0,
Nairobi,,0,,0,0,0,0,
Nairobi,,0,,0,0,0,0,
Nairobi,,0,,0,0,0,0,
Nairobi,,0,,0,0,0,0,
Nairobi,,0,,0,0,0,0,
Nairobi,,0,,0,0,0,0,
Nairobi,,0,,0,0,0,0,
Nairobi,,0,,0,0,0,0,
Nairobi,,0,,0,0,0,0,
Nairobi,,0,,0,0,0,0,
Nairobi,,0,,0,0,0,0,
Nairobi,,0,,0,0,0,0,
Nairobi,,0,,0,0,0,0,
Nairobi,,0,,0,0,0,0,
Nairobi,,0,,0,0,0,0,
Nairobi,,0,,0,0,0,0,
Nairobi,,0,,0,0,0,0,
Nairobi,,0,,0,0,0,0,
Nairobi,,0,,0,0,0,0,
Nairobi,,0,,0,0,0,0,
Nairobi,,0,,0,0,0,0,
Nairobi,,0,,0,0,0,0,
Nairobi,,0,,0,0,0,0,
Nairobi,,0,,0,0,0,0,
Nairobi,,0,,0,0,0,0,
Nairobi,,0,,0,0,0,0,
Nairobi,,0,,0,0,0,0,
Nairobi,,0,,0,0,0,0,
Nairobi,,0,,0,0,0,0,
Nairobi,,0,,0,0,0,0,
Nairobi,,0,,0,0,0,0,
Nairobi,,0,,0,0,0,0,
Nairobi,,0,,0,0,0,0,
Nairobi,,0,,0,0,0,0,
Nairobi,,0,,0,0,0,0,
Nairobi,,0,,0,0,0,0,
Nairobi,,0,,0,0,0,0,
Nairobi,,0,,0,0,0,0,
Nairobi,,0,,0,0,0,0,
Nairobi,,0,,0,0,0,0,
Nairobi,,0,,0,0,0,0,
Nairobi,,0,,0,0,0,0,
Nairobi,,0,,0,0,0,0,
Nairobi,,0,,0,0,0,0,
Nairobi,,0,,0,0,0,0,
Nairobi,,0,,0,0,0,0,
Nairobi,,0,,0,0,0,0,
Nairobi,,0,,0,0,0,0,
Nairobi,,0,,0,0,0,0,
Nairobi,,0,,0,0,0,0,
Nairobi,,0,,0,0,0,0,
Nairobi,,0,,0,0,0,0,
Nairobi,,0,,0,0,0,0,
Nairobi,,0,,0,0,0,0,
Nairobi,,0,,0,0,0,0,
Nairobi,,0,,0,0,0,0,
Nairobi,,0,,0,0,0,0,
Nairobi,,0,,0,0,0,0,
Nairobi,,0,,0,0,0,0,
Nairobi,,0,,0,0,0,0,
Nairobi,,0,,0,0,0,0,
Nairobi,,0,,0,0,0,0,
Nairobi,,0,,0,0,0,0,
Nairobi,,0,,0,0,0,0,
Nairobi,,0,,0,0,0,0,
Nairobi,,0,,0,0,0,0,
Nairobi,,0,,0,0,0,0,
Nairobi,,0,,0,0,0,0,
Nairobi,,0,,0,0,0,0,
Nairobi,,0,,0,0,0,0,
Nairobi,,0,,0,0,0,0,
Nairobi,,0,,0,0,0,0,
Nairobi,,0,,0,0,0,0,
Nairobi,,0,,0,0,0,0,
Nairobi,,0,,0,0,0,0,
Nairobi,,0,,0,0,0,0,
Nairobi,,0,,0,0,0,0,
Nairobi,,0,,0,0,0,0,
Nairobi,,0,,0,0,0,0,
Nairobi,,0,,0,0,0,0,
Nairobi,,0,,0,0,0,0,
Nairobi,,0,,0,0,0,0,
Nairobi,,0,,0,0,0,0,
Nairobi,,0,,0,0,0,0,
Nairobi,,0,,0,0,0,0,
Nairobi,,0,,0,0,0,0,
Nairobi,,0,,0,0,0,0,
Nairobi,,0,,0,0,0,0,
Nairobi,,0,,0,0,0,0,
Nairobi,,0,,0,0,0,0,
Nairobi,,0,,0,0,0,0,
Nairobi,,0,,0,0,0,0,
Nairobi,,0,,0,0,0,0,
Nairobi,,0,,0,0,0,0,
Nairobi,,0,,0,0,0,0,
Nairobi,,0,,0,0,0,0,
Nairobi,,0,,0,0,0,0,
Nairobi,,0,,0,0,0,0,
Nairobi,,0,,0,0,0,0,
Nairobi,,0,,0,0,0,0,
Nairobi,,0,,0,0,0,0,
Nairobi,,0,,0,0,0,0,
Nairobi,,0,,0,0,0,0,
Nairobi,,0,,0,0,0,0,
Nairobi,,0,,0,0,0,0,
Nairobi,,0,,0,0,0,0,
Nairobi,,0,,0,0,0,0,
Nairobi,,0,,0,0,0,0,
Nairobi,,0,,0,0,0,0,
Nairobi,,0,,0,0,0,0,
Nairobi,,0,,0,0,0,0,
Nairobi,,0,,0,0,0,0,
Nairobi,,0,,0,0,0,0,
Nairobi,,0,,0,0,0,0,
Nairobi,,0,,0,0,0,0,
Nairobi,,0,,0,0,0,0,
Nairobi,,0,,0,0,0,0,
Nairobi,,0,,0,0,0,0,
Nairobi,,0,,0,0,0,0,
Nairobi,,0,,0,0,0,0,
Nairobi,,0,,0,0,0,0,
Nairobi,,0,,0,0,0,0,
Nairobi,,0,,0,0,0,0,
Nairobi,,0,,0,0,0,0,
Nairobi,,0,,0,0,0,0,
Nairobi,,0,,0,0,0,0,
Nairobi,,0,,0,0,0,0,
Nairobi,,0,,0,0,0,0,
Nairobi,,0,,0,0,0,0,
Nairobi,,0,,0,0,0,0,
Nairobi,,0,,0,0,0,0,
Nairobi,,0,,0,0,0,0,
Nairobi,,0,,0,0,0,0,
Nairobi,,0,,0,0,0,0,
Nairobi,,0,,0,0,0,0,
Nairobi,,0,,0,0,0,0,
Nairobi,,0,,0,0,0,0,
Nairobi,,0,,0,0,0,0,
Nairobi,,0,,0,0,0,0,
Nairobi,,0,,0,0,0,0,
Nairobi,,0,,0,0,0,0,
Nairobi,,0,,0,0,0,0,
Nairobi,,0,,0,0,0,0,
Nairobi,,0,,0,0,0,0,
Nairobi,,0,,0,0,0,0,
Nairobi,,0,,0,0,0,0,
Nairobi,,0,,0,0,0,0,
Nairobi,,0,,0,0,0,0,
Nairobi,,0,,0,0,0,0,
Nairobi,,0,,0,0,0,0,
Nairobi,,0,,0,0,0,0,
Nairobi,,0,,0,0,0,0,
Nairobi,,0,,0,0,0,0,
Nairobi,,0,,0,0,0,0,
Nairobi,,0,,0,0,0,0,
Nairobi,,0,,0,0,0,0,
Nairobi,,0,,0,0,0,0,
Nairobi,,0,,0,0,0,0,
Nairobi,,0,,0,0,0,0,
Nairobi,,0,,0,0,0,0,
Nairobi,,0,,0,0,0,0,
Nairobi,,0,,0,0,0,0,
Nairobi,,0,,0,0,0,0,
Nairobi,,0,,0,0,0,0,
Nairobi,,0,,0,0,0,0,
Nairobi,,0,,0,0,0,0,
Nairobi,,0,,0,0,0,0,
Nairobi,,0,,0,0,0,0,
Nairobi,,0,,0,0,0,0,
Nairobi,,0,,0,0,0,0,
Nairobi,,0,,0,0,0,0,
Nairobi,,0,,0,0,0,0,
Nairobi,,0,,0,0,0,0,
Nairobi,,0,,0,0,0,0,
Nairobi,,0,,0,0,0,0,
Nairobi,,0,,0,0,0,0,
Nairobi,,0,,0,0,0,0,
Nairobi,,0,,0,0,0,0,
Nairobi,,0,,0,0,0,0,
Nairobi,,0,,0,0,0,0,
Nairobi,,0,,0,0,0,0,
Nairobi,,0,,0,0,0,0,
Nairobi,,0,,0,0,0,0,
Nairobi,,0,,0,0,0,0,
Nairobi,,0,,0,0,0,0,
Nairobi,,0,,0,0,0,0,
Nairobi,,0,,0,0,0,0,
Nairobi,,0,,0,0,0,0,
Nairobi,,0,,0,0,0,0,
Nairobi,,0,,0,0,0,0,
Nairobi,,0,,0,0,0,0,
Nairobi,,0,,0,0,0,0,
Nairobi,,0,,0,0,0,0,
Nairobi,,0,,0,0,0,0,
Nairobi,,0,,0,0,0,0,
Nairobi,,0,,0,0,0,0,
Nairobi,,0,,0,0,0,0,
Nairobi,,0,,0,0,0,0,
Nairobi,,0,,0,0,0,0,
Nairobi,,0,,0,0,0,0,
Nairobi,,0,,0,0,0,0,
Nairobi,,0,,0,0,0,0,
Nairobi,,0,,0,0,0,0,
Nairobi,,0,,0,0,0,0,
Nairobi,,0,,0,0,0,0,
Nairobi,,0,,0,0,0,0,
Nairobi,,0,,0,0,0,0,
Nairobi,,0,,0,0,0,0,
Nairobi,,0,,0,0,0,0,
Nairobi,,0,,0,0,0,0,
Nairobi,,0,,0,0,0,0,
Nairobi,,0,,0,0,0,0,
Nairobi,,0,,0,0,0,0,
Nairobi,,0,,0,0,0,0,
Nairobi,,0,,0,0,0,0,
Nairobi,,0,,0,0,0,0,
Nairobi,,0,,0,0,0,0,
Nairobi,,0,,0,0,0,0,
Nairobi,,0,,0,0,0,0,
Nairobi,,0,,0,0,0,0,
Nairobi,,0,,0,0,0,0,
Nairobi,,0,,0,0,0,0,
Nairobi,,0,,0,0,0,0,
Nairobi,,0,,0,0,0,0,
Nairobi,,0,,0,0,0,0,
Nairobi,,0,,0,0,0,0,
Nairobi,,0,,0,0,0,0,
Nairobi,,0,,0,0,0,0,
Nairobi,,0,,0,0,0,0,
Nairobi,,0,,0,0,0,0,
Nairobi,,0,,0,0,0,0,
Nairobi,,0,,0,0,0,0,
Nairobi,,0,,0,0,0,0,
Nairobi,,0,,0,0,0,0,
Nairobi,,0,,0,0,0,0,
Nairobi,,0,,0,0,0,0,
Nairobi,,0,,0,0,0,0,
Nairobi,,0,,0,0,0,0,
Nairobi,,0,,0,0,0,0,
Nairobi,,0,,0,0,0,0,
Nairobi,,0,,0,0,0,0,
Nairobi,,0,,0,0,0,0,
Nairobi,,0,,0,0,0,0,
Nairobi,,0,,0,0,0,0,
Nairobi,,0,,0,0,0,0,
Nairobi,,0,,0,0,0,0,
Nairobi,,0,,0,0,0,0,
Nairobi,,0,,0,0,0,0,
Nairobi,,0,,0,0,0,0,
Nairobi,,0,,0,0,0,0,
Nairobi,,0,,0,0,0,0,
Nairobi,,0,,0,0,0,0,
Nairobi,,0,,0,0,0,0,
Nairobi,,0,,0,0,0,0,
Nairobi,,0,,0,0,0,0,
Nairobi,,0,,0,0,0,0,
Nairobi,,0,,0,0,0,0,
Nairobi,,0,,0,0,0,0,
Nairobi,,0,,0,0,0,0,
Nairobi,,0,,0,0,0,0,
Nairobi,,0,,0,0,0,0,
Nairobi,,0,,0,0,0,0,
Nairobi,,0,,0,0,0,0,
Nairobi,,0,,0,0,0,0,
Nairobi,,0,,0,0,0,0,
Nairobi,,0,,0,0,0,0,
Nairobi,,0,,0,0,0,0,
Nairobi,,0,,0,0,0,0,
Nairobi,,0,,0,0,0,0,
Nairobi,,0,,0,0,0,0,
Nairobi,,0,,0,0,0,0,
Nairobi,,0,,0,0,0,0,
Nairobi,,0,,0,0,0,0,
Nairobi,,0,,0,0,0,0,
Nairobi,,0,,0,0,0,0,
Nairobi,,0,,0,0,0,0,
Nairobi,,0,,0,0,0,0,
Nairobi,,0,,0,0,0,0,
Nairobi,,0,,0,0,0,0,
Nairobi,,0,,0,0,0,0,
Nairobi,,0,,0,0,0,0,
Nairobi,,0,,0,0,0,0,
Nairobi,,0,,0,0,0,0,
Nairobi,,0,,0,0,0,0,
Nairobi,,0,,0,0,0,0,
Nairobi,,0,,0,0,0,0,
Nairobi,,0,,0,0,0,0,
Nairobi,,0,,0,0,0,0,
Nairobi,,0,,0,0,0,0,
Nairobi,,0,,0,0,0,0,
Nairobi,,0,,0,0,0,0,
Nairobi,,0,,0,0,0,0,
Nairobi,,0,,0,0,0,0,
Nairobi,,0,,0,0,0,0,
Nairobi,,0,,0,0,0,0,
Nairobi,,0,,0,0,0,0,
Nairobi,,0,,0,0,0,0,
Nairobi,,0,,0,0,0,0,
Nairobi,,0,,0,0,0,0,
Nairobi,,0,,0,0,0,0,
Nairobi,,0,,0,0,0,0,
Nairobi,,0,,0,0,0,0,
Nairobi,,0,,0,0,0,0,
Nairobi,,0,,0,0,0,0,
Nairobi,,0,,0,0,0,0,
Nairobi,,0,,0,0,0,0,
Nairobi,,0,,0,0,0,0,
Nairobi,,0,,0,0,0,0,
Nairobi,,0,,0,0,0,0,
Nairobi,,0,,0,0,0,0,
Nairobi,,0,,0,0,0,0,
Nairobi,,0,,0,0,0,0,
Nairobi,,0,,0,0,0,0,
Nairobi,,0,,0,0,0,0,
Nairobi,,0,,0,0,0,0,
Nairobi,,0,,0,0,0,0,
Nairobi,,0,,0,0,0,0,
Nairobi,,0,,0,0,0,0,
Nairobi,,0,,0,0,0,0,
Nairobi,,0,,0,0,0,0,
Nairobi,,0,,0,0,0,0,
Nairobi,,0,,0,0,0,0,
Nairobi,,0,,0,0,0,0,
Nairobi,,0,,0,0,0,0,
Nairobi,,0,,0,0,0,0,
Nairobi,,0,,0,0,0,0,
Nairobi,,0,,0,0,0,0,
Nairobi,,0,,0,0,0,0,
Nairobi,,0,,0,0,0,0,
Nairobi,,0,,0,0,0,0,
Nairobi,,0,,0,0,0,0,
Nairobi,,0,,0,0,0,0,
Nairobi,,0,,0,0,0,0,
Nairobi,,0,,0,0,0,0,
Nairobi,,0,,0,0,0,0,
Nairobi,,0,,0,0,0,0,
Nairobi,,0,,0,0,0,0,
Nairobi,,0,,0,0,0,0,
Nairobi,,0,,0,0,0,0,
Nairobi,,0,,0,0,0,0,
Nairobi,,0,,0,0,0,0,
Nairobi,,0,,0,0,0,0,
Nairobi,,0,,0,0,0,0,
Nairobi,,0,,0,0,0,0,
Nairobi,,0,,0,0,0,0,
Nairobi,,0,,0,0,0,0,
Nairobi,,0,,0,0,0,0,
Nairobi,,0,,0,0,0,0,
Nairobi,,0,,0,0,0,0,
Nairobi,,0,,0,0,0,0,
Nairobi,,0,,0,0,0,0,
Nairobi,,0,,0,0,0,0,
Nairobi,,0,,0,0,0,0,
Nairobi,,0,,0,0,0,0,
Nairobi,,0,,0,0,0,0,
Nairobi,,0,,0,0,0,0,
Nairobi,,0,,0,0,0,0,
Nairobi,,0,,0,0,0,0,
Nairobi,,0,,0,0,0,0,
Nairobi,,0,,0,0,0,0,
Nairobi,,0,,0,0,0,0,
Nairobi,,0,,0,0,0,0,
Nairobi,,0,,0,0,0,0,
Nairobi,,0,,0,0,0,0,
Nairobi,,0,,0,0,0,0,
Nairobi,,0,,0,0,0,0,
Nairobi,,0,,0,0,0,0,
Nairobi,,0,,0,0,0,0,
Nairobi,,0,,0,0,0,0,
Nairobi,,0,,0,0,0,0,
Nairobi,,0,,0,0,0,0,
Nairobi,,0,,0,0,0,0,
Nairobi,,0,,0,0,0,0,
Nairobi,,0,,0,0,0,0,
Nairobi,,0,,0,0,0,0,
Nairobi,,0,,0,0,0,0,
Nairobi,,0,,0,0,0,0,
Nairobi,,0,,0,0,0,0,
Nairobi,,0,,0,0,0,0,
Nairobi,,0,,0,0,0,0,
Nairobi,,0,,0,0,0,0,
Nairobi,,0,,0,0,0,0,
Nairobi,,0,,0,0,0,0,
Nairobi,,0,,0,0,0,0,
Nairobi,,0,,0,0,0,0,
Nairobi,,0,,0,0,0,0,
Nairobi,,0,,0,0,0,0,
Nairobi,,0,,0,0,0,0,
Nairobi,,0,,0,0,0,0,
Nairobi,,0,,0,0,0,0,
Nairobi,,0,,0,0,0,0,
Nairobi,,0,,0,0,0,0,
Nairobi,,0,,0,0,0,0,
Nairobi,,0,,0,0,0,0,
Nairobi,,0,,0,0,0,0,
Nairobi,,0,,0,0,0,0,
Nairobi,,0,,0,0,0,0,
Nairobi,,0,,0,0,0,0,
Nairobi,,0,,0,0,0,0,
Nairobi,,0,,0,0,0,0,
Nairobi,,0,,0,0,0,0,
Nairobi,,0,,0,0,0,0,
Nairobi,,0,,0,0,0,0,
Nairobi,,0,,0,0,0,0,
Nairobi,,0,,0,0,0,0,
Nairobi,,0,,0,0,0,0,
Nairobi,,0,,0,0,0,0,
Nairobi,,0,,0,0,0,0,
Nairobi,,0,,0,0,0,0,
Nairobi,,0,,0,0,0,0,
Nairobi,,0,,0,0,0,0,
Nairobi,,0,,0,0,0,0,
Nairobi,,0,,0,0,0,0,
Nairobi,,0,,0,0,0,0,
Nairobi,,0,,0,0,0,0,
Nairobi,,0,,0,0,0,0,
Nairobi,,0,,0,0,0,0,
Nairobi,,0,,0,0,0,0,
Nairobi,,0,,0,0,0,0,
Nairobi,,0,,0,0,0,0,
Nairobi,,0,,0,0,0,0,
Nairobi,,0,,0,0,0,0,
Nairobi,,0,,0,0,0,0,
Nairobi,,0,,0,0,0,0,
Nairobi,,0,,0,0,0,0,
Nairobi,,0,,0,0,0,0,
Nairobi,,0,,0,0,0,0,
Nairobi,,0,,0,0,0,0,
Nairobi,,0,,0,0,0,0,
Nairobi,,0,,0,0,0,0,
Nairobi,,0,,0,0,0,0,
Nairobi,,0,,0,0,0,0,
Nairobi,,0,,0,0,0,0,
Nairobi,,0,,0,0,0,0,
Nairobi,,0,,0,0,0,0,
Nairobi,,0,,0,0,0,0,
Nairobi,,0,,0,0,0,0,
Nairobi,,0,,0,0,0,0,
Nairobi,,0,,0,0,0,0,
Nairobi,,0,,0,0,0,0,
Nairobi,,0,,0,0,0,0,
Nairobi,,0,,0,0,0,0,
Nairobi,,0,,0,0,0,0,
Nairobi,,0,,0,0,0,0,
Nairobi,,0,,0,0,0,0,
Nairobi,,0,,0,0,0,0,
Nairobi,,0,,0,0,0,0,
Nairobi,,0,,0,0,0,0,
Nairobi,,0,,0,0,0,0,
Nairobi,,0,,0,0,0,0,
Nairobi,,0,,0,0,0,0,
Nairobi,,0,,0,0,0,0,
Nairobi,,0,,0,0,0,0,
Nairobi,,0,,0,0,0,0,
Nairobi,,0,,0,0,0,0,
Nairobi,,0,,0,0,0,0,
Nairobi,,0,,0,0,0,0,
Nairobi,,0,,0,0,0,0,
Nairobi,,0,,0,0,0,0,
Nairobi,,0,,0,0,0,0,
Nairobi,,0,,0,0,0,0,
Nairobi,,0,,0,0,0,0,
Nairobi,,0,,0,0,0,0,
Nairobi,,0,,0,0,0,0,
Nairobi,,0,,0,0,0,0,
Nairobi,,0,,0,0,0,0,
Nairobi,,0,,0,0,0,0,
Nairobi,,0,,0,0,0,0,
Nairobi,,0,,0,0,0,0,
Nairobi,,0,,0,0,0,0,
Nairobi,,0,,0,0,0,0,
Nairobi,,0,,0,0,0,0,
Nairobi,,0,,0,0,0,0,
Nairobi,,0,,0,0,0,0,
Nairobi,,0,,0,0,0,0,
Nairobi,,0,,0,0,0,0,
Nairobi,,0,,0,0,0,0,
Nairobi,,0,,0,0,0,0,
Nairobi,,0,,0,0,0,0,
Nairobi,,0,,0,0,0,0,
Nairobi,,0,,0,0,0,0,
Nairobi,,0,,0,0,0,0,
Nairobi,,0,,0,0,0,0,
Nairobi,,0,,0,0,0,0,
Nairobi,,0,,0,0,0,0,
Nairobi,,0,,0,0,0,0,
Nairobi,,0,,0,0,0,0,
Nairobi,,0,,0,0,0,0,
Nairobi,,0,,0,0,0,0,
Nairobi,,0,,0,0,0,0,
Nairobi,,0,,0,0,0,0,
Nairobi,,0,,0,0,0,0,
Nairobi,,0,,0,0,0,0,
Nairobi,,0,,0,0,0,0,
Nairobi,,0,,0,0,0,0,
Nairobi,,0,,0,0,0,0,
Nairobi,,0,,0,0,0,0,
Nairobi,,0,,0,0,0,0,
Nairobi,,0,,0,0,0,0,
Nairobi,,0,,0,0,0,0,
Nairobi,,0,,0,0,0,0,
Nairobi,,0,,0,0,0,0,
Nairobi,,0,,0,0,0,0,
Nairobi,,0,,0,0,0,0,
Nairobi,,0,,0,0,0,0,
Nairobi,,0,,0,0,0,0,
Nairobi,,0,,0,0,0,0,
Nairobi,,0,,0,0,0,0,
Nairobi,,0,,0,0,0,0,
Nairobi,,0,,0,0,0,0,
Nairobi,,0,,0,0,0,0,
Nairobi,,0,,0,0,0,0,
Nairobi,,0,,0,0,0,0,
Nairobi,,0,,0,0,0,0,
Nairobi,,0,,0,0,0,0,
Nairobi,,0,,0,0,0,0,
Nairobi,,0,,0,0,0,0,
Nairobi,,0,,0,0,0,0,
Nairobi,,0,,0,0,0,0,
Nairobi,,0,,0,0,0,0,
Nairobi,,0,,0,0,0,0,
Nairobi,,0,,0,0,0,0,
Nairobi,,0,,0,0,0,0,
Nairobi,,0,,0,0,0,0,
Nairobi,,0,,0,0,0,0,
Nairobi,,0,,0,0,0,0,
Nairobi,,0,,0,0,0,0,
Nairobi,,0,,0,0,0,0,
Nairobi,,0,,0,0,0,0,
Nairobi,,0,,0,0,0,0,
Nairobi,,0,,0,0,0,0,
Nairobi,,0,,0,0,0,0,
Nairobi,,0,,0,0,0,0,
Nairobi,,0,,0,0,0,0,
Nairobi,,0,,0,0,0,0,
Nairobi,,0,,0,0,0,0,
Nairobi,,0,,0,0,0,0,
Nairobi,,0,,0,0,0,0,
Nairobi,,0,,0,0,0,0,
Nairobi,,0,,0,0,0,0,
Nairobi,,0,,0,0,0,0,
Nairobi,,0,,0,0,0,0,
Nairobi,,0,,0,0,0,0,
Nairobi,,0,,0,0,0,0,
Nairobi,,0,,0,0,0,0,
Nairobi,,0,,0,0,0,0,
Nairobi,,0,,0,0,0,0,
Nairobi,,0,,0,0,0,0,
Nairobi,,0,,0,0,0,0,
Nairobi,,0,,0,0,0,0,
Nairobi,,0,,0,0,0,0,
Nairobi,,0,,0,0,0,0,
Nairobi,,0,,0,0,0,0,
Nairobi,,0,,0,0,0,0,
Nairobi,,0,,0,0,0,0,
Nairobi,,0,,0,0,0,0,
Nairobi,,0,,0,0,0,0,
Nairobi,,0,,0,0,0,0,
Nairobi,,0,,0,0,0,0,
Nairobi,,0,,0,0,0,0,
Nairobi,,0,,0,0,0,0,
Nairobi,,0,,0,0,0,0,
Nairobi,,0,,0,0,0,0,
Nairobi,,0,,0,0,0,0,
Nairobi,,0,,0,0,0,0,
Nairobi,,0,,0,0,0,0,
Nairobi,,0,,0,0,0,0,
Nairobi,,0,,0,0,0,0,
Nairobi,,0,,0,0,0,0,
Nairobi,,0,,0,0,0,0,
Nairobi,,0,,0,0,0,0,
Nairobi,,0,,0,0,0,0,
Nairobi,,0,,0,0,0,0,
Nairobi,,0,,0,0,0,0,
Nairobi,,0,,0,0,0,0,
Nairobi,,0,,0,0,0,0,
Nairobi,,0,,0,0,0,0,
Nairobi,,0,,0,0,0,0,
Nairobi,,0,,0,0,0,0,
Nairobi,,0,,0,0,0,0,
Nairobi,,0,,0,0,0,0,
Nairobi,,0,,0,0,0,0,
Nairobi,,0,,0,0,0,0,
Nairobi,,0,,0,0,0,0,
Nairobi,,0,,0,0,0,0,
Nairobi,,0,,0,0,0,0,
Nairobi,,0,,0,0,0,0,
Nairobi,,0,,0,0,0,0,
Nairobi,,0,,0,0,0,0,
Nairobi,,0,,0,0,0,0,
Nairobi,,0,,0,0,0,0,
Nairobi,,0,,0,0,0,0,
Nairobi,,0,,0,0,0,0,
Nairobi,,0,,0,0,0,0,
Nairobi,,0,,0,0,0,0,
Nairobi,,0,,0,0,0,0,
Nairobi,,0,,0,0,0,0,
Nairobi,,0,,0,0,0,0,
Nairobi,,0,,0,0,0,0,
Nairobi,,0,,0,0,0,0,
Nairobi,,0,,0,0,0,0,
Nairobi,,0,,0,0,0,0,
Nairobi,,0,,0,0,0,0,
Nairobi,,0,,0,0,0,0,
Nairobi,,0,,0,0,0,0,
Nairobi,,0,,0,0,0,0,
Nairobi,,0,,0,0,0,0,
Nairobi,,0,,0,0,0,0,
Nairobi,,0,,0,0,0,0,
Nairobi,,0,,0,0,0,0,
Nairobi,,0,,0,0,0,0,
Nairobi,,0,,0,0,0,0,
Nairobi,,0,,0,0,0,0,
Nairobi,,0,,0,0,0,0,
Nairobi,,0,,0,0,0,0,
Nairobi,,0,,0,0,0,0,
Nairobi,,0,,0,0,0,0,
Nairobi,,0,,0,0,0,0,
Nairobi,,0,,0,0,0,0,
Nairobi,,0,,0,0,0,0,
Nairobi,,0,,0,0,0,0,
Nairobi,,0,,0,0,0,0,
Nairobi,,0,,0,0,0,0,
Nairobi,,0,,0,0,0,0,
Nairobi,,0,,0,0,0,0,
Nairobi,,0,,0,0,0,0,
Nairobi,,0,,0,0,0,0,
Nairobi,,0,,0,0,0,0,
Nairobi,,0,,0,0,0,0,
Nairobi,,0,,0,0,0,0,
Nairobi,,0,,0,0,0,0,
Nairobi,,0,,0,0,0,0,
Nairobi,,0,,0,0,0,0,
Nairobi,,0,,0,0,0,0,
Nairobi,,0,,0,0,0,0,
Nairobi,,0,,0,0,0,0,
Nairobi,,0,,0,0,0,0,
Nairobi,,0,,0,0,0,0,
Nairobi,,0,,0,0,0,0,
Nairobi,,0,,0,0,0,0,
Nairobi,,0,,0,0,0,0,
Nairobi,,0,,0,0,0,0,
Nairobi,,0,,0,0,0,0,
Nairobi,,0,,0,0,0,0,
Nairobi,,0,,0,0,0,0,
Nairobi,,0,,0,0,0,0,
Nairobi,,0,,0,0,0,0,
Nairobi,,0,,0,0,0,0,
Nairobi,,0,,0,0,0,0,
Nairobi,,0,,0,0,0,0,
Nairobi,,0,,0,0,0,0,
Nairobi,,0,,0,0,0,0,
Nairobi,,0,,0,0,0,0,
Nairobi,,0,,0,0,0,0,
Nairobi,,0,,0,0,0,0,
Nairobi,,0,,0,0,0,0,
Nairobi,,0,,0,0,0,0,
Nairobi,,0,,0,0,0,0,
Nairobi,,0,,0,0,0,0,
Nairobi,,0,,0,0,0,0,
Nairobi,,0,,0,0,0,0,
Nairobi,,0,,0,0,0,0,
Nairobi,,0,,0,0,0,0,
Nairobi,,0,,0,0,0,0,
Nairobi,,0,,0,0,0,0,
Nairobi,,0,,0,0,0,0,
Nairobi,,0,,0,0,0,0,
Nairobi,,0,,0,0,0,0,
Nairobi,,0,,0,0,0,0,
Nairobi,,0,,0,0,0,0,
Nairobi,,0,,0,0,0,0,
Nairobi,,0,,0,0,0,0,
Nairobi,,0,,0,0,0,0,
Nairobi,,0,,0,0,0,0,
Nairobi,,0,,0,0,0,0,
Nairobi,,0,,0,0,0,0,
Nairobi,,0,,0,0,0,0,
Nairobi,,0,,0,0,0,0,
Nairobi,,0,,0,0,0,0,
Nairobi,,0,,0,0,0,0,
Nairobi,,0,,0,0,0,0,
Nairobi,,0,,0,0,0,0,
Nairobi,,0,,0,0,0,0,
Nairobi,,0,,0,0,0,0,
Nairobi,,0,,0,0,0,0,
Nairobi,,0,,0,0,0,0,
Nairobi,,0,,0,0,0,0,
Nairobi,,0,,0,0,0,0,
Nairobi,,0,,0,0,0,0,
Nairobi,,0,,0,0,0,0,
Nairobi,,0,,0,0,0,0,
Nairobi,,0,,0,0,0,0,
Nairobi,,0,,0,0,0,0,
Nairobi,,0,,0,0,0,0,
Nairobi,,0,,0,0,0,0,
Nairobi,,0,,0,0,0,0,
Nairobi,,0,,0,0,0,0,
Nairobi,,0,,0,0,0,0,
Nairobi,,0,,0,0,0,0,
Nairobi,,0,,0,0,0,0,
Nairobi,,0,,0,0,0,0,
Nairobi,,0,,0,0,0,0,
Nairobi,,0,,0,0,0,0,
Nairobi,,0,,0,0,0,0,
Nairobi,,0,,0,0,0,0,
Nairobi,,0,,0,0,0,0,
Nairobi,,0,,0,0,0,0,
Nairobi,,0,,0,0,0,0,
Nairobi,,0,,0,0,0,0,
Nairobi,,0,,0,0,0,0,
Nairobi,,0,,0,0,0,0,
Nairobi,,0,,0,0,0,0,
Nairobi,,0,,0,0,0,0,
Nairobi,,0,,0,0,0,0,
Nairobi,,0,,0,0,0,0,
Nairobi,,0,,0,0,0,0,
Nairobi,,0,,0,0,0,0,
Nairobi,,0,,0,0,0,0,
Nairobi,,0,,0,0,0,0,
Nairobi,,0,,0,0,0,0,
Nairobi,,0,,0,0,0,0,
Nairobi,,0,,0,0,0,0,
Nairobi,,0,,0,0,0,0,
Nairobi,,0,,0,0,0,0,
Nairobi,,0,,0,0,0,0,
Nairobi,,0,,0,0,0,0,
Nairobi,,0,,0,0,0,0,
Nairobi,,0,,0,0,0,0,
Nairobi,,0,,0,0,0,0,
Nairobi,,0,,0,0,0,0,
Nairobi,,0,,0,0,0,0,
Nairobi,,0,,0,0,0,0,
Nairobi,,0,,0,0,0,0,
Nairobi,,0,,0,0,0,0,
Nairobi,,0,,0,0,0,0,
Nairobi,,0,,0,0,0,0,
Nairobi,,0,,0,0,0,0,
Nairobi,,0,,0,0,0,0,
Nairobi,,0,,0,0,0,0,
Nairobi,,0,,0,0,0,0,
Nairobi,,0,,0,0,0,0,
Nairobi,,0,,0,0,0,0,
Nairobi,,0,,0,0,0,0,
Nairobi,,0,,0,0,0,0,
Nairobi,,0,,0,0,0,0,
Nairobi,,0,,0,0,0,0,
Nairobi,,0,,0,0,0,0,
Nairobi,,0,,0,0,0,0,
Nairobi,,0,,0,0,0,0,
Nairobi,,0,,0,0,0,0,
Nairobi,,0,,0,0,0,0,
Nairobi,,0,,0,0,0,0,
Nairobi,,0,,0,0,0,0,
Nairobi,,0,,0,0,0,0,
Nairobi,,0,,0,0,0,0,
Nairobi,,0,,0,0,0,0,
Nairobi,,0,,0,0,0,0,
Nairobi,,0,,0,0,0,0,
Nairobi,,0,,0,0,0,0,
Nairobi,,0,,0,0,0,0,
Nairobi,,0,,0,0,0,0,
Nairobi,,0,,0,0,0,0,
Nairobi,,0,,0,0,0,0,
Nairobi,,0,,0,0,0,0,
Nairobi,,0,,0,0,0,0,
Nairobi,,0,,0,0,0,0,
Nairobi,,0,,0,0,0,0,
Nairobi,,0,,0,0,0,0,
Nairobi,,0,,0,0,0,0,
Nairobi,,0,,0,0,0,0,
Nairobi,,0,,0,0,0,0,
Nairobi,,0,,0,0,0,0,
Nairobi,,0,,0,0,0,0,
Nairobi,,0,,0,0,0,0,
Nairobi,,0,,0,0,0,0,
Nairobi,,0,,0,0,0,0,
Nairobi,,0,,0,0,0,0,
Nairobi,,0,,0,0,0,0,
Nairobi,,0,,0,0,0,0,
Nairobi,,0,,0,0,0,0,
Nairobi,,0,,0,0,0,0,
Nairobi,,0,,0,0,0,0,
Nairobi,,0,,0,0,0,0,
Nairobi,,0,,0,0,0,0,
Nairobi,,0,,0,0,0,0,
Nairobi,,0,,0,0,0,0,
Nairobi,,0,,0,0,0,0,
Nairobi,,0,,0,0,0,0,
Nairobi,,0,,0,0,0,0,
Nairobi,,0,,0,0,0,0,
Nairobi,,0,,0,0,0,0,
Nairobi,,0,,0,0,0,0,
Nairobi,,0,,0,0,0,0,
Nairobi,,0,,0,0,0,0,
Nairobi,,0,,0,0,0,0,
Nairobi,,0,,0,0,0,0,
Nairobi,,0,,0,0,0,0,
Nairobi,,0,,0,0,0,0,
Nairobi,,0,,0,0,0,0,
Nairobi,,0,,0,0,0,0,
Nairobi,,0,,0,0,0,0,
Nairobi,,0,,0,0,0,0,
Nairobi,,0,,0,0,0,0,
Nairobi,,0,,0,0,0,0,
Nairobi,,0,,0,0,0,0,
Nairobi,,0,,0,0,0,0,
Nairobi,,0,,0,0,0,0,
Nairobi,,0,,0,0,0,0,
Nairobi,,0,,0,0,0,0,
Nairobi,,0,,0,0,0,0,
Nairobi,,0,,0,0,0,0,
Nairobi,,0,,0,0,0,0,
Nairobi,,0,,0,0,0,0,
Nairobi,,0,,0,0,0,0,
Nairobi,,0,,0,0,0,0,
Nairobi,,0,,0,0,0,0,
Nairobi,,0,,0,0,0,0,
Nairobi,,0,,0,0,0,0,
Nairobi,,0,,0,0,0,0,
Nairobi,,0,,0,0,0,0,
Nairobi,,0,,0,0,0,0,
Nairobi,,0,,0,0,0,0,
Nairobi,,0,,0,0,0,0,
Nairobi,,0,,0,0,0,0,
Nairobi,,0,,0,0,0,0,
Nairobi,,0,,0,0,0,0,
Nairobi,,0,,0,0,0,0,
Nairobi,,0,,0,0,0,0,
Nairobi,,0,,0,0,0,0,
Nairobi,,0,,0,0,0,0,
Nairobi,,0,,0,0,0,0,
Nairobi,,0,,0,0,0,0,
Nairobi,,0,,0,0,0,0,
Nairobi,,0,,0,0,0,0,
Nairobi,,0,,0,0,0,0,
Nairobi,,0,,0,0,0,0,
Nairobi,,0,,0,0,0,0,
Nairobi,,0,,0,0,0,0,
Nairobi,,0,,0,0,0,0,
Nairobi,,0,,0,0,0,0,
Nairobi,,0,,0,0,0,0,
Nairobi,,0,,0,0,0,0,
Nairobi,,0,,0,0,0,0,
Nairobi,,0,,0,0,0,0,
Nairobi,,0,,0,0,0,0,
Nairobi,,0,,0,0,0,0,
Nairobi,,0,,0,0,0,0,
Nairobi,,0,,0,0,0,0,
Nairobi,,0,,0,0,0,0,
Nairobi,,0,,0,0,0,0,
Nairobi,,0,,0,0,0,0,
Nairobi,,0,,0,0,0,0,
Nairobi,,0,,0,0,0,0,
Nairobi,,0,,0,0,0,0,
Nairobi,,0,,0,0,0,0,
Nairobi,,0,,0,0,0,0,
Nairobi,,0,,0,0,0,0,
Nairobi,,0,,0,0,0,0,
Nairobi,,0,,0,0,0,0,
Nairobi,,0,,0,0,0,0,
Nairobi,,0,,0,0,0,0,
Nairobi,,0,,0,0,0,0,
Nairobi,,0,,0,0,0,0,
Nairobi,,0,,0,0,0,0,
Nairobi,,0,,0,0,0,0,
Nairobi,,0,,0,0,0,0,
Nairobi,,0,,0,0,0,0,
Nairobi,,0,,0,0,0,0,
Nairobi,,0,,0,0,0,0,
Nairobi,,0,,0,0,0,0,
Nairobi,,0,,0,0,0,0,
Nairobi,,0,,0,0,0,0,
Nairobi,,0,,0,0,0,0,
Nairobi,,0,,0,0,0,0,
Nairobi,,0,,0,0,0,0,
Nairobi,,0,,0,0,0,0,
Nairobi,,0,,0,0,0,0,
Nairobi,,0,,0,0,0,0,
Nairobi,,0,,0,0,0,0,
Nairobi,,0,,0,0,0,0,
Nairobi,,0,,0,0,0,0,
Nairobi,,0,,0,0,0,0,
Nairobi,,0,,0,0,0,0,
Nairobi,,0,,0,0,0,0,
Nairobi,,0,,0,0,0,0,
Nairobi,,0,,0,0,0,0,
Nairobi,,0,,0,0,0,0,
Nairobi,,0,,0,0,0,0,
Nairobi,,0,,0,0,0,0,
Nairobi,,0,,0,0,0,0,
Nairobi,,0,,0,0,0,0,
Nairobi,,0,,0,0,0,0,
Nairobi,,0,,0,0,0,0,
Nairobi,,0,,0,0,0,0,
Nairobi,,0,,0,0,0,0,
Nairobi,,0,,0,0,0,0,
Nairobi,,0,,0,0,0,0,
Nairobi,,0,,0,0,0,0,
Nairobi,,0,,0,0,0,0,
Nairobi,,0,,0,0,0,0,
Nairobi,,0,,0,0,0,0,
Nairobi,,0,,0,0,0,0,
Nairobi,,0,,0,0,0,0,
Nairobi,,0,,0,0,0,0,
Nairobi,,0,,0,0,0,0,
Nairobi,,0,,0,0,0,0,
Nairobi,,0,,0,0,0,0,
Nairobi,,0,,0,0,0,0,
Nairobi,,0,,0,0,0,0,
Nairobi,,0,,0,0,0,0,
Nairobi,,0,,0,0,0,0,
Nairobi,,0,,0,0,0,0,
Nairobi,,0,,0,0,0,0,
Nairobi,,0,,0,0,0,0,
Nairobi,,0,,0,0,0,0,
Nairobi,,0,,0,0,0,0,
Nairobi,,0,,0,0,0,0,
Nairobi,,0,,0,0,0,0,
Nairobi,,0,,0,0,0,0,
Nairobi,,0,,0,0,0,0,
Nairobi,,0,,0,0,0,0,
Nairobi,,0,,0,0,0,0,
Nairobi,,0,,0,0,0,0,
Nairobi,,0,,0,0,0,0,
Nairobi,,0,,0,0,0,0,
Nairobi,,0,,0,0,0,0,
Nairobi,,0,,0,0,0,0,
Nairobi,,0,,0,0,0,0,
Nairobi,,0,,0,0,0,0,
Nairobi,,0,,0,0,0,0,
Nairobi,,0,,0,0,0,0,
Nairobi,,0,,0,0,0,0,
Nairobi,,0,,0,0,0,0,
Nairobi,,0,,0,0,0,0,
Nairobi,,0,,0,0,0,0,
Nairobi,,0,,0,0,0,0,
Nairobi,,0,,0,0,0,0,
Nairobi,,0,,0,0,0,0,
Nairobi,,0,,0,0,0,0,
Nairobi,,0,,0,0,0,0,
Nairobi,,0,,0,0,0,0,
Nairobi,,0,,0,0,0,0,
Nairobi,,0,,0,0,0,0,
Nairobi,,0,,0,0,0,0,
Nairobi,,0,,0,0,0,0,
Nairobi,,0,,0,0,0,0,
Nairobi,,0,,0,0,0,0,
Nairobi,,0,,0,0,0,0,
Nairobi,,0,,0,0,0,0,
Nairobi,,0,,0,0,0,0,
Nairobi,,0,,0,0,0,0,
Nairobi,,0,,0,0,0,0,
Nairobi,,0,,0,0,0,0,
Nairobi,,0,,0,0,0,0,
Nairobi,,0,,0,0,0,0,
Nairobi,,0,,0,0,0,0,
Nairobi,,0,,0,0,0,0,
Nairobi,,0,,0,0,0,0,
Nairobi,,0,,0,0,0,0,
Nairobi,,0,,0,0,0,0,
Nairobi,,0,,0,0,0,0,
Nairobi,,0,,0,0,0,0,
Nairobi,,0,,0,0,0,0,
Nairobi,,0,,0,0,0,0,
Nairobi,,0,,0,0,0,0,
Nairobi,,0,,0,0,0,0,
Nairobi,,0,,0,0,0,0,
Nairobi,,0,,0,0,0,0,
Nairobi,,0,,0,0,0,0,
Nairobi,,0,,0,0,0,0,
Nairobi,,0,,0,0,0,0,
Nairobi,,0,,0,0,0,0,
Nairobi,,0,,0,0,0,0,
Nairobi,,0,,0,0,0,0,
Nairobi,,0,,0,0,0,0,
Nairobi,,0,,0,0,0,0,
Nairobi,,0,,0,0,0,0,
Nairobi,,0,,0,0,0,0,
Nairobi,,0,,0,0,0,0,
Nairobi,,0,,0,0,0,0,
Nairobi,,0,,0,0,0,0,
Nairobi,,0,,0,0,0,0,
Nairobi,,0,,0,0,0,0,
Nairobi,,0,,0,0,0,0,
Nairobi,,0,,0,0,0,0,
Nairobi,,0,,0,0,0,0,
Nairobi,,0,,0,0,0,0,
Nairobi,,0,,0,0,0,0,
Nairobi,,0,,0,0,0,0,
Nairobi,,0,,0,0,0,0,
Nairobi,,0,,0,0,0,0,
Nairobi,,0,,0,0,0,0,
Nairobi,,0,,0,0,0,0,
Nairobi,,0,,0,0,0,0,
Nairobi,,0,,0,0,0,0,
Nairobi,,0,,0,0,0,0,
Nairobi,,0,,0,0,0,0,
Nairobi,,0,,0,0,0,0,
Nairobi,,0,,0,0,0,0,
Nairobi,,0,,0,0,0,0,
Nairobi,,0,,0,0,0,0,
Nairobi,,0,,0,0,0,0,
Nairobi,,0,,0,0,0,0,
Nairobi,,0,,0,0,0,0,
Nairobi,,0,,0,0,0,0,
Nairobi,,0,,0,0,0,0,
Nairobi,,0,,0,0,0,0,
Nairobi,,0,,0,0,0,0,
Nairobi,,0,,0,0,0,0,
Nairobi,,0,,0,0,0,0,
Nairobi,,0,,0,0,0,0,
Nairobi,,0,,0,0,0,0,
Nairobi,,0,,0,0,0,0,
Nairobi,,0,,0,0,0,0,
Nairobi,,0,,0,0,0,0,
Nairobi,,0,,0,0,0,0,
Nairobi,,0,,0,0,0,0,
Nairobi,,0,,0,0,0,0,
Nairobi,,0,,0,0,0,0,
Nairobi,,0,,0,0,0,0,
Nairobi,,0,,0,0,0,0,
Nairobi,,0,,0,0,0,0,
Nairobi,,0,,0,0,0,0,
Nairobi,,0,,0,0,0,0,
Nairobi,,0,,0,0,0,0,
Nairobi,,0,,0,0,0,0,
Nairobi,,0,,0,0,0,0,
Nairobi,,0,,0,0,0,0,
Nairobi,,0,,0,0,0,0,
Nairobi,,0,,0,0,0,0,
Nairobi,,0,,0,0,0,0,
Nairobi,,0,,0,0,0,0,
Nairobi,,0,,0,0,0,0,
Nairobi,,0,,0,0,0,0,
Nairobi,,0,,0,0,0,0,
Nairobi,,0,,0,0,0,0,
Nairobi,,0,,0,0,0,0,
Nairobi,,0,,0,0,0,0,
Nairobi,,0,,0,0,0,0,
Nairobi,,0,,0,0,0,0,
Nairobi,,0,,0,0,0,0,
Nairobi,,0,,0,0,0,0,
Nairobi,,0,,0,0,0,0,
Nairobi,,0,,0,0,0,0,
Nairobi,,0,,0,0,0,0,
Nairobi,,0,,0,0,0,0,
Nairobi,,0,,0,0,0,0,
Nairobi,,0,,0,0,0,0,
Nairobi,,0,,0,0,0,0,
Nairobi,,0,,0,0,0,0,
Nairobi,,0,,0,0,0,0,
Nairobi,,0,,0,0,0,0,
Nairobi,,0,,0,0,0,0,
Nairobi,,0,,0,0,0,0,
Nairobi,,0,,0,0,0,0,
Nairobi,,0,,0,0,0,0,
Nairobi,,0,,0,0,0,0,
Nairobi,,0,,0,0,0,0,
Nairobi,,0,,0,0,0,0,
Nairobi,,0,,0,0,0,0,
Nairobi,,0,,0,0,0,0,
Nairobi,,0,,0,0,0,0,
Nairobi,,0,,0,0,0,0,
Nairobi,,0,,0,0,0,0,
Nairobi,,0,,0,0,0,0,
Nairobi,,0,,0,0,0,0,
Nairobi,,0,,0,0,0,0,
Nairobi,,0,,0,0,0,0,
Nairobi,,0,,0,0,0,0,
Nairobi,,0,,0,0,0,0,
Nairobi,,0,,0,0,0,0,
Nairobi,,0,,0,0,0,0,
Nairobi,,0,,0,0,0,0,
Nairobi,,0,,0,0,0,0,
Nairobi,,0,,0,0,0,0,
Nairobi,,0,,0,0,0,0,
Nairobi,,0,,0,0,0,0,
Nairobi,,0,,0,0,0,0,
Nairobi,,0,,0,0,0,0,
Nairobi,,0,,0,0,0,0,
Nairobi,,0,,0,0,0,0,
Nairobi,,0,,0,0,0,0,
Nairobi,,0,,0,0,0,0,
Nairobi,,0,,0,0,0,0,
Nairobi,,0,,0,0,0,0,
Nairobi,,0,,0,0,0,0,
Nairobi,,0,,0,0,0,0,
Nairobi,,0,,0,0,0,0,
Nairobi,,0,,0,0,0,0,
Nairobi,,0,,0,0,0,0,
Nairobi,,0,,0,0,0,0,
Nairobi,,0,,0,0,0,0,
Nairobi,,0,,0,0,0,0,
Nairobi,,0,,0,0,0,0,
Nairobi,,0,,0,0,0,0,
Nairobi,,0,,0,0,0,0,
Nairobi,,0,,0,0,0,0,
Nairobi,,0,,0,0,0,0,
Nairobi,,0,,0,0,0,0,
Nairobi,,0,,0,0,0,0,
Nairobi,,0,,0,0,0,0,
Nairobi,,0,,0,0,0,0,
Nairobi,,0,,0,0,0,0,
Nairobi,,0,,0,0,0,0,
Nairobi,,0,,0,0,0,0,
Nairobi,,0,,0,0,0,0,
Nairobi,,0,,0,0,0,0,
Nairobi,,0,,0,0,0,0,
Nairobi,,0,,0,0,0,0,
Nairobi,,0,,0,0,0,0,
Nairobi,,0,,0,0,0,0,
Nairobi,,0,,0,0,0,0,
Nairobi,,0,,0,0,0,0,
Nairobi,,0,,0,0,0,0,
Nairobi,,0,,0,0,0,0,
Nairobi,,0,,0,0,0,0,
Nairobi,,0,,0,0,0,0,
Nairobi,,0,,0,0,0,0,
Nairobi,,0,,0,0,0,0,
Nairobi,,0,,0,0,0,0,
Nairobi,,0,,0,0,0,0,
Nairobi,,0,,0,0,0,0,
Nairobi,,0,,0,0,0,0,
Nairobi,,0,,0,0,0,0,
Nairobi,,0,,0,0,0,0,
Nairobi,,0,,0,0,0,0,
Nairobi,,0,,0,0,0,0,
Nairobi,,0,,0,0,0,0,
Nairobi,,0,,0,0,0,0,
Nairobi,,0,,0,0,0,0,
Nairobi,,0,,0,0,0,0,
Nairobi,,0,,0,0,0,0,
Nairobi,,0,,0,0,0,0,
Nairobi,,0,,0,0,0,0,
Nairobi,,0,,0,0,0,0,
Nairobi,,0,,0,0,0,0,
Nairobi,,0,,0,0,0,0,
Nairobi,,0,,0,0,0,0,
Nairobi,,0,,0,0,0,0,
Nairobi,,0,,0,0,0,0,
Nairobi,,0,,0,0,0,0,
Nairobi,,0,,0,0,0,0,
Nairobi,,0,,0,0,0,0,
Nairobi,,0,,0,0,0,0,
Nairobi,,0,,0,0,0,0,
Nairobi,,0,,0,0,0,0,
Nairobi,,0,,0,0,0,0,
Nairobi,,0,,0,0,0,0,
Nairobi,,0,,0,0,0,0,
Nairobi,,0,,0,0,0,0,
Nairobi,,0,,0,0,0,0,
Nairobi,,0,,0,0,0,0,
Nairobi,,0,,0,0,0,0,
Nairobi,,0,,0,0,0,0,
Nairobi,,0,,0,0,0,0,
Nairobi,,0,,0,0,0,0,
Nairobi,,0,,0,0,0,0,
Nairobi,,0,,0,0,0,0,
Nairobi,,0,,0,0,0,0,
Nairobi,,0,,0,0,0,0,
Nairobi,,0,,0,0,0,0,
Nairobi,,0,,0,0,0,0,
Nairobi,,0,,0,0,0,0,
Nairobi,,0,,0,0,0,0,
Nairobi,,0,,0,0,0,0,
Nairobi,,0,,0,0,0,0,
Nairobi,,0,,0,0,0,0,
Nairobi,,0,,0,0,0,0,
Nairobi,,0,,0,0,0,0,
Nairobi,,0,,0,0,0,0,
Nairobi,,0,,0,0,0,0,
Nairobi,,0,,0,0,0,0,
Nairobi,,0,,0,0,0,0,
Nairobi,,0,,0,0,0,0,
Nairobi,,0,,0,0,0,0,
Nairobi,,0,,0,0,0,0,
Nairobi,,0,,0,0,0,0,
Nairobi,,0,,0,0,0,0,
Nairobi,,0,,0,0,0,0,
Nairobi,,0,,0,0,0,0,
Nairobi,,0,,0,0,0,0,
Nairobi,,0,,0,0,0,0,
Nairobi,,0,,0,0,0,0,
Nairobi,,0,,0,0,0,0,
Nairobi,,0,,0,0,0,0,
Nairobi,,0,,0,0,0,0,
Nairobi,,0,,0,0,0,0,
Nairobi,,0,,0,0,0,0,
Nairobi,,0,,0,0,0,0,
Nairobi,,0,,0,0,0,0,
Nairobi,,0,,0,0,0,0,
Nairobi,,0,,0,0,0,0,
Nairobi,,0,,0,0,0,0,
Nairobi,,0,,0,0,0,0,
Nairobi,,0,,0,0,0,0,
Nairobi,,0,,0,0,0,0,
Nairobi,,0,,0,0,0,0,
Nairobi,,0,,0,0,0,0,
Nairobi,,0,,0,0,0,0,
Nairobi,,0,,0,0,0,0,
Nairobi,,0,,0,0,0,0,
Nairobi,,0,,0,0,0,0,
Nairobi,,0,,0,0,0,0,
Nairobi,,0,,0,0,0,0,
Nairobi,,0,,0,0,0,0,
Nairobi,,0,,0,0,0,0,
Nairobi,,0,,0,0,0,0,
Nairobi,,0,,0,0,0,0,
Nairobi,,0,,0,0,0,0,
Nairobi,,0,,0,0,0,0,
Nairobi,,0,,0,0,0,0,
Nairobi,,0,,0,0,0,0,
Nairobi,,0,,0,0,0,0,
Nairobi,,0,,0,0,0,0,
Nairobi,,0,,0,0,0,0,
Nairobi,,0,,0,0,0,0,
Nairobi,,0,,0,0,0,0,
Nairobi,,0,,0,0,0,0,
Nairobi,,0,,0,0,0,0,
Nairobi,,0,,0,0,0,0,
Nairobi,,0,,0,0,0,0,
Nairobi,,0,,0,0,0,0,
Nairobi,,0,,0,0,0,0,
Nairobi,,0,,0,0,0,0,
Nairobi,,0,,0,0,0,0,
Nairobi,,0,,0,0,0,0,
Nairobi,,0,,0,0,0,0,
Nairobi,,0,,0,0,0,0,
Nairobi,,0,,0,0,0,0,
Nairobi,,0,,0,0,0,0,
Nairobi,,0,,0,0,0,0,
Nairobi,,0,,0,0,0,0,
Nairobi,,0,,0,0,0,0,
Nairobi,,0,,0,0,0,0,
Nairobi,,0,,0,0,0,0,
Nairobi,,0,,0,0,0,0,
Nairobi,,0,,0,0,0,0,
Nairobi,,0,,0,0,0,0,
Nairobi,,0,,0,0,0,0,
Nairobi,,0,,0,0,0,0,
Nairobi,,0,,0,0,0,0,
Nairobi,,0,,0,0,0,0,
Nairobi,,0,,0,0,0,0,
Nairobi,,0,,0,0,0,0,
Nairobi,,0,,0,0,0,0,
Nairobi,,0,,0,0,0,0,
Nairobi,,0,,0,0,0,0,
Nairobi,,0,,0,0,0,0,
Nairobi,,0,,0,0,0,0,
Nairobi,,0,,0,0,0,0,
Nairobi,,0,,0,0,0,0,
Nairobi,,0,,0,0,0,0,
Nairobi,,0,,0,0,0,0,
Nairobi,,0,,0,0,0,0,
Nairobi,,0,,0,0,0,0,
Nairobi,,0,,0,0,0,0,
Nairobi,,0,,0,0,0,0,
Nairobi,,0,,0,0,0,0,
Nairobi,,0,,0,0,0,0,
Nairobi,,0,,0,0,0,0,
Nairobi,,0,,0,0,0,0,
Nairobi,,0,,0,0,0,0,
Nairobi,,0,,0,0,0,0,
Nairobi,,0,,0,0,0,0,
Nairobi,,0,,0,0,0,0,
Nairobi,,0,,0,0,0,0,
Nairobi,,0,,0,0,0,0,
Nairobi,,0,,0,0,0,0,
Nairobi,,0,,0,0,0,0,
Nairobi,,0,,0,0,0,0,
Nairobi,,0,,0,0,0,0,
Nairobi,,0,,0,0,0,0,
Nairobi,,0,,0,0,0,0,
Nairobi,,0,,0,0,0,0,
Nairobi,,0,,0,0,0,0,
Nairobi,,0,,0,0,0,0,
Nairobi,,0,,0,0,0,0,
Nairobi,,0,,0,0,0,0,
Nairobi,,0,,0,0,0,0,
Nairobi,,0,,0,0,0,0,
Nairobi,,0,,0,0,0,0,
Nairobi,,0,,0,0,0,0,
Nairobi,,0,,0,0,0,0,
Nairobi,,0,,0,0,0,0,
Nairobi,,0,,0,0,0,0,
Nairobi,,0,,0,0,0,0,
Nairobi,,0,,0,0,0,0,
Nairobi,,0,,0,0,0,0,
Nairobi,,0,,0,0,0,0,
Nairobi,,0,,0,0,0,0,
Nairobi,,0,,0,0,0,0,
Nairobi,,0,,0,0,0,0,
Nairobi,,0,,0,0,0,0,
Nairobi,,0,,0,0,0,0,
Nairobi,,0,,0,0,0,0,
Nairobi,,0,,0,0,0,0,
Nairobi,,0,,0,0,0,0,
Nairobi,,0,,0,0,0,0,
Nairobi,,0,,0,0,0,0,
Nairobi,,0,,0,0,0,0,
Nairobi,,0,,0,0,0,0,
Nairobi,,0,,0,0,0,0,
Nairobi,,0,,0,0,0,0,
Nairobi,,0,,0,0,0,0,
Nairobi,,0,,0,0,0,0,
Nairobi,,0,,0,0,0,0,
Nairobi,,0,,0,0,0,0,
Nairobi,,0,,0,0,0,0,
Nairobi,,0,,0,0,0,0,
Nairobi,,0,,0,0,0,0,
Nairobi,,0,,0,0,0,0,
Nairobi,,0,,0,0,0,0,
Nairobi,,0,,0,0,0,0,
Nairobi,,0,,0,0,0,0,
Nairobi,,0,,0,0,0,0,
Nairobi,,0,,0,0,0,0,
Nairobi,,0,,0,0,0,0,
Nairobi,,0,,0,0,0,0,
Nairobi,,0,,0,0,0,0,
Nairobi,,0,,0,0,0,0,
Nairobi,,0,,0,0,0,0,
Nairobi,,0,,0,0,0,0,
Nairobi,,0,,0,0,0,0,
Nairobi,,0,,0,0,0,0,
Nairobi,,0,,0,0,0,0,
Nairobi,,0,,0,0,0,0,
Nairobi,,0,,0,0,0,0,
Nairobi,,0,,0,0,0,0,
Nairobi,,0,,0,0,0,0,
Nairobi,,0,,0,0,0,0,
Nairobi,,0,,0,0,0,0,
Nairobi,,0,,0,0,0,0,
Nairobi,,0,,0,0,0,0,
Nairobi,,0,,0,0,0,0,
Nairobi,,0,,0,0,0,0,
Nairobi,,0,,0,0,0,0,
Nairobi,,0,,0,0,0,0,
Nairobi,,0,,0,0,0,0,
Nairobi,,0,,0,0,0,0,
Nairobi,,0,,0,0,0,0,
Nairobi,,0,,0,0,0,0,
Nairobi,,0,,0,0,0,0,
Nairobi,,0,,0,0,0,0,
Nairobi,,0,,0,0,0,0,
Nairobi,,0,,0,0,0,0,
Nairobi,,0,,0,0,0,0,
Nairobi,,0,,0,0,0,0,
Nairobi,,0,,0,0,0,0,
Nairobi,,0,,0,0,0,0,
Nairobi,,0,,0,0,0,0,
Nairobi,,0,,0,0,0,0,
Nairobi,,0,,0,0,0,0,
Nairobi,,0,,0,0,0,0,
Nairobi,,0,,0,0,0,0,
Nairobi,,0,,0,0,0,0,
Nairobi,,0,,0,0,0,0,
Nairobi,,0,,0,0,0,0,
Nairobi,,0,,0,0,0,0,
Nairobi,,0,,0,0,0,0,
Nairobi,,0,,0,0,0,0,
Nairobi,,0,,0,0,0,0,
Nairobi,,0,,0,0,0,0,
Nairobi,,0,,0,0,0,0,
Nairobi,,0,,0,0,0,0,
Nairobi,,0,,0,0,0,0,
Nairobi,,0,,0,0,0,0,
Nairobi,,0,,0,0,0,0,
Nairobi,,0,,0,0,0,0,
Nairobi,,0,,0,0,0,0,
Nairobi,,0,,0,0,0,0,
Nairobi,,0,,0,0,0,0,
Nairobi,,0,,0,0,0,0,
Nairobi,,0,,0,0,0,0,
Nairobi,,0,,0,0,0,0,
Nairobi,,0,,0,0,0,0,
Nairobi,,0,,0,0,0,0,
Nairobi,,0,,0,0,0,0,
Nairobi,,0,,0,0,0,0,
